Gender,SeniorCitizen,Partner,Dependents,Tenure,MonthlyCharges,TotalCharges,InternetService,OnlineSecurity,OnlineBackup,DeviceProtection,TechSupport,Contract,PaperlessBilling,PaymentMethod
Male,0,Yes,Yes,52,96.27,6841.59,No,No,No,No,Yes,One year,Yes,Bank transfer
Female,0,No,Yes,4,62.74,3830.88,Fiber optic,No,Yes,Yes,Yes,Two year,No,Credit card
Male,0,Yes,Yes,34,82.66,2745.98,DSL,Yes,No,No,No,One year,No,Bank transfer
Male,0,No,Yes,69,92.76,4287.82,DSL,Yes,No,Yes,No,One year,Yes,Credit card
Male,0,Yes,Yes,33,87.93,929.6,Fiber optic,Yes,Yes,Yes,No,Two year,No,Bank transfer
Female,0,No,Yes,69,67.05,508.78,No,Yes,No,Yes,Yes,Two year,No,Credit card
Male,0,No,No,38,58.79,1093.27,Fiber optic,Yes,No,Yes,Yes,Two year,No,Credit card
Male,0,Yes,No,26,57.6,1765.59,Fiber optic,Yes,Yes,Yes,No,Two year,No,Credit card
Male,0,No,Yes,1,84.0,4587.17,Fiber optic,Yes,No,Yes,No,Month-to-month,Yes,Mailed check
Female,0,Yes,Yes,4,69.48,7657.32,DSL,Yes,No,Yes,No,One year,No,Electronic check
Male,0,Yes,Yes,39,104.91,2197.22,DSL,No,Yes,Yes,No,Month-to-month,Yes,Bank transfer
Male,0,Yes,Yes,54,107.47,8422.94,DSL,Yes,Yes,Yes,Yes,Month-to-month,No,Electronic check
Male,1,No,No,33,37.06,8598.68,No,No,No,No,No,One year,Yes,Electronic check
Male,0,No,No,33,33.62,8634.25,Fiber optic,Yes,No,Yes,No,Month-to-month,No,Electronic check
Female,0,Yes,Yes,72,83.04,7554.31,Fiber optic,Yes,No,No,Yes,Two year,Yes,Electronic check
Male,0,Yes,No,20,50.12,3338.04,No,No,Yes,No,No,Two year,Yes,Bank transfer
Female,0,No,No,16,21.86,746.89,DSL,Yes,No,Yes,No,Two year,No,Bank transfer
Female,1,No,Yes,21,108.86,5162.49,Fiber optic,Yes,No,No,No,Two year,No,Electronic check
Female,0,No,Yes,45,42.69,5072.26,No,No,Yes,No,Yes,One year,Yes,Bank transfer
Male,1,Yes,Yes,62,112.93,7664.78,DSL,No,No,No,Yes,Two year,No,Bank transfer
Female,0,Yes,Yes,31,91.74,8964.32,DSL,No,No,No,No,One year,Yes,Credit card
Male,1,Yes,No,42,96.27,4622.6,Fiber optic,No,No,Yes,Yes,One year,Yes,Bank transfer
Female,0,Yes,Yes,12,40.15,3172.32,DSL,No,Yes,No,No,One year,Yes,Mailed check
Female,0,Yes,No,65,43.42,1754.53,No,No,Yes,Yes,No,One year,Yes,Electronic check
Female,0,No,Yes,3,72.13,142.72,DSL,Yes,No,No,Yes,Month-to-month,No,Bank transfer
Female,0,Yes,No,9,37.21,4631.11,Fiber optic,Yes,No,No,No,Month-to-month,No,Electronic check
Female,0,No,Yes,51,50.54,5044.12,No,Yes,Yes,No,Yes,Two year,No,Bank transfer
Female,0,No,Yes,16,52.15,7441.95,DSL,Yes,No,Yes,Yes,One year,No,Electronic check
Female,0,Yes,No,3,35.96,4590.74,DSL,Yes,Yes,Yes,Yes,Two year,No,Mailed check
Female,0,No,No,24,40.52,8256.57,DSL,No,Yes,Yes,No,Two year,Yes,Bank transfer
Male,0,Yes,No,13,98.86,5689.94,No,No,Yes,Yes,No,Two year,No,Bank transfer
Male,0,No,Yes,2,36.72,7578.99,DSL,Yes,Yes,No,No,Two year,No,Mailed check
Female,0,Yes,No,71,22.85,1419.89,Fiber optic,No,Yes,Yes,No,One year,No,Bank transfer
Female,0,Yes,No,21,82.94,7712.49,No,Yes,No,No,Yes,One year,Yes,Electronic check
Female,0,No,No,19,117.6,6108.78,No,No,Yes,Yes,No,Month-to-month,No,Mailed check
Male,0,Yes,No,47,53.12,1615.07,DSL,Yes,No,No,No,One year,No,Credit card
Female,0,No,No,22,31.87,1788.9,No,Yes,No,No,Yes,One year,No,Electronic check
Male,0,Yes,No,33,77.04,8345.86,Fiber optic,Yes,No,Yes,Yes,Two year,No,Bank transfer
Male,0,Yes,No,32,110.64,386.72,No,No,Yes,No,No,One year,No,Electronic check
Male,0,Yes,No,64,98.41,4216.56,Fiber optic,No,No,No,Yes,Two year,Yes,Mailed check
Male,0,No,No,39,82.25,2889.93,DSL,Yes,No,No,No,One year,No,Bank transfer
Male,0,No,Yes,72,51.51,6019.19,No,No,No,No,No,Month-to-month,No,Bank transfer
Female,0,Yes,Yes,42,74.19,7572.7,Fiber optic,Yes,Yes,No,Yes,Two year,No,Mailed check
Female,0,No,No,9,29.12,3307.37,DSL,Yes,No,Yes,Yes,One year,Yes,Credit card
Female,1,Yes,Yes,25,87.89,3899.43,Fiber optic,No,Yes,Yes,No,One year,No,Bank transfer
Female,0,No,Yes,2,92.51,8839.07,No,Yes,Yes,No,No,Two year,No,Bank transfer
Female,0,No,No,19,116.5,7076.86,No,Yes,No,No,No,Month-to-month,Yes,Bank transfer
Male,0,Yes,No,20,46.04,8085.12,Fiber optic,Yes,No,Yes,No,Month-to-month,No,Credit card
Female,0,Yes,No,70,21.85,4004.98,DSL,No,Yes,Yes,No,One year,Yes,Electronic check
Female,0,Yes,No,17,74.56,2183.28,DSL,Yes,Yes,Yes,Yes,One year,No,Credit card
Male,1,Yes,No,68,90.68,3765.58,DSL,Yes,No,No,No,One year,Yes,Electronic check
Female,0,Yes,No,3,99.04,6473.22,DSL,Yes,No,No,Yes,Two year,Yes,Bank transfer
Male,0,No,Yes,51,39.37,1073.93,Fiber optic,Yes,No,Yes,Yes,Two year,Yes,Electronic check
Female,1,No,No,26,46.18,2507.18,No,No,No,Yes,Yes,Two year,Yes,Electronic check
Male,0,Yes,Yes,56,71.26,515.06,Fiber optic,Yes,No,Yes,No,One year,No,Electronic check
Female,0,Yes,No,64,53.06,3947.89,No,Yes,Yes,No,No,Month-to-month,Yes,Electronic check
Female,0,Yes,No,8,106.05,7464.27,No,No,Yes,No,Yes,Two year,Yes,Bank transfer
Male,0,No,Yes,37,67.38,319.51,Fiber optic,No,Yes,No,Yes,Month-to-month,No,Mailed check
Male,0,Yes,No,27,99.96,6110.38,Fiber optic,No,Yes,Yes,Yes,One year,No,Credit card
Male,1,Yes,No,45,78.06,8399.21,DSL,No,Yes,No,Yes,Two year,Yes,Electronic check
Male,0,No,Yes,4,97.31,2208.66,No,No,No,Yes,Yes,Two year,Yes,Bank transfer
Male,0,No,No,37,53.27,6273.35,DSL,No,Yes,Yes,No,Two year,No,Bank transfer
Male,0,No,Yes,71,103.14,8778.41,DSL,Yes,No,Yes,Yes,One year,Yes,Bank transfer
Male,0,No,No,33,47.46,8664.27,Fiber optic,Yes,Yes,No,No,One year,No,Bank transfer
Male,0,Yes,No,31,74.61,2190.87,DSL,No,Yes,No,Yes,One year,No,Electronic check
Female,0,No,Yes,55,41.4,992.95,DSL,Yes,No,No,Yes,Month-to-month,Yes,Credit card
Female,0,No,No,12,67.55,1419.71,DSL,No,Yes,No,No,Month-to-month,No,Bank transfer
Male,0,Yes,Yes,11,51.82,6348.12,Fiber optic,Yes,Yes,No,No,Two year,No,Credit card
Female,0,Yes,Yes,72,46.67,6559.25,DSL,No,Yes,No,Yes,Two year,Yes,Credit card
Female,0,Yes,Yes,32,116.7,6100.71,DSL,No,Yes,Yes,No,One year,No,Credit card
Female,0,No,No,57,36.01,3091.1,Fiber optic,Yes,No,Yes,No,One year,No,Mailed check
Female,0,Yes,No,38,98.73,1611.01,Fiber optic,No,Yes,No,Yes,One year,Yes,Bank transfer
Male,0,No,Yes,60,118.42,5268.77,Fiber optic,Yes,Yes,No,Yes,Two year,No,Bank transfer
Female,1,No,No,19,21.99,4404.76,No,No,Yes,No,Yes,One year,No,Bank transfer
Male,0,No,No,56,89.9,6586.62,Fiber optic,No,Yes,Yes,No,Month-to-month,Yes,Credit card
Female,0,Yes,No,14,45.29,4028.1,No,Yes,Yes,No,Yes,Month-to-month,No,Bank transfer
Female,0,No,Yes,33,24.05,3113.89,Fiber optic,No,Yes,Yes,Yes,Two year,No,Bank transfer
Female,0,Yes,No,10,60.29,2711.96,Fiber optic,Yes,Yes,No,No,Two year,No,Credit card
Male,0,Yes,Yes,64,113.52,1982.09,Fiber optic,Yes,Yes,Yes,Yes,Month-to-month,No,Bank transfer
Female,0,Yes,No,64,21.18,2465.14,No,Yes,No,Yes,No,One year,Yes,Electronic check
Male,0,No,No,62,78.79,943.99,DSL,Yes,No,No,No,Two year,No,Mailed check
Female,0,No,Yes,68,70.14,3187.03,Fiber optic,Yes,No,Yes,Yes,Two year,Yes,Electronic check
Male,0,No,No,43,107.34,425.47,No,No,Yes,Yes,No,Two year,No,Electronic check
Female,0,Yes,Yes,59,28.4,1759.08,Fiber optic,No,Yes,Yes,No,Month-to-month,Yes,Electronic check
Male,1,No,No,52,88.15,6746.26,DSL,Yes,No,Yes,Yes,Two year,No,Credit card
Male,0,No,Yes,19,88.01,2996.67,No,No,No,No,No,Month-to-month,Yes,Bank transfer
Female,0,No,No,21,86.91,6047.31,Fiber optic,Yes,No,Yes,Yes,Month-to-month,Yes,Electronic check
Male,0,No,No,22,114.23,6480.27,Fiber optic,No,No,Yes,Yes,One year,No,Electronic check
Female,0,No,No,9,102.31,5272.55,Fiber optic,Yes,Yes,Yes,Yes,One year,No,Bank transfer
Female,0,Yes,Yes,9,24.2,8632.41,DSL,No,No,No,Yes,One year,Yes,Credit card
Female,0,Yes,Yes,27,67.11,290.81,No,Yes,Yes,No,Yes,Two year,Yes,Electronic check
Female,1,Yes,Yes,17,59.8,6674.01,Fiber optic,No,No,Yes,No,Month-to-month,Yes,Bank transfer
Female,0,Yes,No,44,51.01,8633.2,Fiber optic,Yes,Yes,No,No,Two year,Yes,Bank transfer
Female,0,No,Yes,45,65.13,7774.22,No,Yes,Yes,No,No,Month-to-month,Yes,Mailed check
Female,0,Yes,Yes,8,58.42,1594.24,DSL,No,Yes,No,Yes,Two year,Yes,Electronic check
Female,0,No,Yes,18,63.23,3008.7,DSL,Yes,Yes,No,Yes,Month-to-month,No,Electronic check
Female,0,Yes,Yes,33,117.93,1634.82,DSL,Yes,No,No,Yes,One year,No,Mailed check
Female,0,Yes,Yes,1,28.86,5451.64,DSL,No,Yes,No,Yes,One year,Yes,Bank transfer
Female,0,Yes,Yes,6,112.22,6438.47,DSL,No,Yes,No,No,Two year,Yes,Bank transfer
Male,1,No,Yes,41,68.02,2921.96,Fiber optic,Yes,No,Yes,No,Month-to-month,No,Electronic check
Male,0,No,Yes,55,82.37,4901.61,Fiber optic,Yes,No,Yes,Yes,One year,Yes,Electronic check
Female,0,Yes,Yes,5,103.02,6249.19,Fiber optic,Yes,No,Yes,Yes,Month-to-month,Yes,Mailed check
Female,0,No,Yes,59,56.05,3849.92,No,Yes,No,No,Yes,Two year,No,Electronic check
Female,0,Yes,No,18,63.04,7700.74,DSL,No,Yes,Yes,No,One year,No,Electronic check
Female,0,Yes,No,49,60.95,6966.79,No,Yes,No,No,No,Two year,Yes,Credit card
Female,0,Yes,Yes,65,57.47,675.52,DSL,Yes,Yes,No,Yes,Two year,No,Mailed check
Female,0,No,No,54,112.55,5628.02,DSL,No,No,Yes,Yes,Month-to-month,Yes,Bank transfer
Female,0,Yes,No,61,102.89,2194.4,No,No,Yes,Yes,No,Two year,No,Electronic check
Female,0,Yes,Yes,8,30.9,5061.91,Fiber optic,Yes,No,Yes,No,Two year,Yes,Bank transfer
Male,0,Yes,Yes,3,30.81,8616.31,No,No,No,Yes,Yes,Month-to-month,Yes,Electronic check
Female,1,No,Yes,25,62.79,7923.65,Fiber optic,No,No,No,Yes,Month-to-month,Yes,Credit card
Male,0,Yes,No,69,29.87,3700.2,DSL,No,No,Yes,Yes,Two year,Yes,Mailed check
Female,0,No,Yes,55,81.91,2694.47,Fiber optic,Yes,Yes,Yes,No,One year,No,Mailed check
Female,0,Yes,No,40,34.37,2186.21,DSL,Yes,No,No,Yes,One year,No,Bank transfer
Male,0,No,Yes,50,72.24,4839.38,DSL,Yes,Yes,No,No,Month-to-month,No,Credit card
Female,0,Yes,No,33,20.72,1116.81,Fiber optic,No,Yes,No,Yes,Two year,Yes,Bank transfer
Male,1,Yes,No,18,51.66,4988.55,DSL,Yes,No,No,Yes,One year,No,Credit card
Female,0,No,Yes,57,87.72,111.87,Fiber optic,Yes,No,No,Yes,Month-to-month,Yes,Electronic check
Female,0,No,Yes,16,68.4,2982.26,No,Yes,Yes,Yes,No,Month-to-month,Yes,Electronic check
Male,0,Yes,No,38,117.83,2057.42,DSL,No,Yes,Yes,Yes,Month-to-month,No,Credit card
Female,0,No,No,41,107.41,8743.85,DSL,Yes,Yes,No,No,Two year,No,Electronic check
Male,0,Yes,Yes,7,55.91,6572.46,No,Yes,Yes,Yes,Yes,Month-to-month,Yes,Mailed check
Female,0,Yes,Yes,53,24.55,3211.92,DSL,Yes,Yes,No,No,One year,Yes,Credit card
Male,1,Yes,No,63,104.56,926.32,No,Yes,No,Yes,Yes,Two year,No,Credit card
Male,0,No,Yes,32,111.12,4699.53,No,No,No,Yes,No,One year,No,Bank transfer
Female,0,Yes,No,38,102.06,1999.69,DSL,Yes,Yes,Yes,Yes,One year,No,Credit card
Female,0,No,Yes,22,32.79,4874.22,No,Yes,No,Yes,No,One year,No,Bank transfer
Male,0,Yes,Yes,16,119.79,7534.72,No,No,Yes,Yes,No,Two year,No,Credit card
Female,0,No,Yes,52,45.86,5580.55,No,No,No,No,Yes,One year,Yes,Mailed check
Female,0,No,No,29,92.42,5740.72,DSL,No,Yes,Yes,No,Month-to-month,Yes,Mailed check
Female,0,Yes,Yes,16,110.8,4915.17,No,No,No,Yes,No,Month-to-month,Yes,Mailed check
Male,0,No,No,17,43.57,8352.66,Fiber optic,No,No,Yes,Yes,One year,No,Bank transfer
Male,0,Yes,Yes,64,110.83,8393.93,Fiber optic,Yes,Yes,Yes,No,Month-to-month,Yes,Bank transfer
Male,0,Yes,No,13,50.95,4663.24,No,No,No,No,Yes,Two year,No,Electronic check
Male,1,Yes,No,72,117.64,2821.26,Fiber optic,No,Yes,No,Yes,Two year,No,Bank transfer
Male,0,Yes,Yes,56,48.13,4190.32,DSL,No,Yes,No,No,Month-to-month,No,Bank transfer
Male,0,Yes,No,5,115.34,1760.37,No,Yes,No,Yes,No,Month-to-month,Yes,Mailed check
Male,0,No,No,12,25.35,5763.46,DSL,Yes,Yes,No,No,Two year,Yes,Credit card
Male,1,Yes,No,41,90.93,4550.82,Fiber optic,Yes,No,No,No,One year,Yes,Bank transfer
Male,1,No,No,3,73.21,1019.37,Fiber optic,No,No,No,No,Two year,Yes,Electronic check
Female,0,No,Yes,33,67.79,1859.07,Fiber optic,Yes,Yes,No,Yes,One year,No,Credit card
Male,0,Yes,Yes,50,42.35,4368.72,Fiber optic,No,No,Yes,Yes,Month-to-month,No,Bank transfer
Female,0,No,Yes,56,90.56,7999.54,DSL,No,Yes,Yes,No,Month-to-month,Yes,Credit card
Female,0,Yes,No,9,39.08,5140.88,No,Yes,Yes,Yes,No,One year,Yes,Credit card
Female,0,No,No,50,75.28,6165.66,DSL,Yes,No,Yes,No,One year,No,Credit card
Male,0,No,Yes,29,45.32,3117.35,No,Yes,Yes,No,No,Two year,Yes,Credit card
Male,0,No,Yes,39,115.56,5185.56,Fiber optic,No,No,Yes,No,One year,Yes,Credit card
Male,0,Yes,No,45,22.86,4081.68,Fiber optic,Yes,No,Yes,Yes,Month-to-month,No,Bank transfer
Male,0,No,Yes,17,39.97,5966.26,Fiber optic,Yes,Yes,Yes,Yes,Month-to-month,Yes,Credit card
Female,0,Yes,Yes,56,44.23,550.12,Fiber optic,Yes,No,No,Yes,Month-to-month,Yes,Credit card
Male,0,No,No,46,61.41,4490.37,DSL,Yes,Yes,No,No,One year,Yes,Electronic check
Male,0,No,Yes,67,43.27,2734.33,No,Yes,Yes,No,No,One year,No,Electronic check
Male,0,No,No,69,69.13,3003.05,No,No,Yes,Yes,No,Month-to-month,Yes,Credit card
Male,0,No,Yes,14,107.25,8652.17,Fiber optic,No,Yes,Yes,Yes,One year,Yes,Bank transfer
Male,0,Yes,No,67,91.21,1725.98,DSL,Yes,No,Yes,Yes,Two year,No,Electronic check
Female,1,Yes,No,23,78.0,2870.08,Fiber optic,No,Yes,Yes,Yes,Two year,No,Electronic check
Male,0,No,No,61,28.9,4638.04,No,No,Yes,No,Yes,One year,No,Credit card
Female,0,No,No,23,89.4,7780.94,No,No,Yes,Yes,No,One year,No,Bank transfer
Male,0,Yes,No,27,36.64,3808.36,DSL,Yes,No,No,No,Month-to-month,No,Mailed check
Female,0,Yes,Yes,54,98.64,6720.4,No,No,No,No,No,One year,No,Bank transfer
Male,0,Yes,Yes,10,45.01,7721.73,DSL,Yes,Yes,Yes,No,Month-to-month,No,Electronic check
Male,0,Yes,Yes,16,61.7,2859.15,Fiber optic,No,No,No,No,Two year,Yes,Electronic check
Female,1,No,No,41,55.05,3595.48,Fiber optic,Yes,No,Yes,No,One year,No,Electronic check
Female,0,No,Yes,55,105.88,3273.35,DSL,No,Yes,Yes,Yes,Two year,No,Electronic check
Female,1,Yes,No,61,32.65,7512.42,Fiber optic,No,Yes,Yes,No,One year,No,Electronic check
Male,1,Yes,No,49,76.56,494.69,DSL,Yes,No,Yes,No,One year,Yes,Credit card
Female,0,Yes,Yes,52,34.21,2844.95,Fiber optic,Yes,No,No,No,Month-to-month,Yes,Credit card
Male,1,Yes,No,2,90.48,6146.74,Fiber optic,No,No,No,No,Month-to-month,No,Credit card
Male,0,Yes,Yes,50,110.51,5132.45,No,Yes,Yes,Yes,No,One year,No,Electronic check
Female,0,Yes,No,43,63.46,3982.98,No,Yes,No,No,No,One year,No,Credit card
Female,0,No,No,8,68.81,4905.54,DSL,Yes,No,No,No,Month-to-month,Yes,Electronic check
Male,1,No,Yes,59,112.74,1858.5,Fiber optic,Yes,No,No,No,Two year,No,Bank transfer
Male,1,No,No,65,72.1,3933.38,Fiber optic,No,No,Yes,Yes,One year,Yes,Mailed check
Female,0,Yes,Yes,12,68.76,4565.16,Fiber optic,Yes,Yes,Yes,Yes,Month-to-month,Yes,Bank transfer
Female,0,Yes,No,4,77.83,8120.58,No,No,Yes,Yes,Yes,One year,No,Mailed check
Female,0,Yes,Yes,41,88.92,2421.43,DSL,No,Yes,No,No,Month-to-month,Yes,Credit card
Male,0,No,No,7,30.69,7823.67,DSL,Yes,No,Yes,Yes,Two year,No,Mailed check
Male,0,Yes,Yes,69,102.11,5833.75,DSL,Yes,Yes,Yes,No,One year,Yes,Bank transfer
Male,0,Yes,Yes,69,63.55,281.03,Fiber optic,Yes,No,Yes,Yes,One year,Yes,Bank transfer
Male,0,No,No,30,27.23,6549.22,DSL,Yes,No,Yes,Yes,Two year,Yes,Mailed check
Male,0,Yes,Yes,6,98.62,416.41,No,No,Yes,Yes,No,One year,No,Bank transfer
Male,1,No,No,19,57.69,8976.69,No,No,No,Yes,No,One year,Yes,Credit card
Female,0,No,No,66,30.04,7866.47,DSL,Yes,No,No,No,One year,Yes,Bank transfer
Male,0,Yes,Yes,10,83.38,2746.36,Fiber optic,No,No,Yes,No,Month-to-month,No,Mailed check
Male,0,No,Yes,16,108.01,2390.96,No,Yes,Yes,No,Yes,Month-to-month,Yes,Credit card
Male,1,Yes,Yes,37,108.78,3494.83,No,No,Yes,Yes,Yes,One year,Yes,Mailed check
Female,1,No,Yes,32,115.77,3269.89,Fiber optic,No,Yes,No,No,Two year,No,Electronic check
Male,0,Yes,Yes,47,106.77,3413.81,Fiber optic,No,Yes,No,Yes,Two year,No,Electronic check
Male,0,No,No,72,20.21,2932.66,DSL,Yes,Yes,No,Yes,One year,No,Credit card
Female,0,Yes,Yes,43,58.02,5628.09,No,Yes,Yes,Yes,Yes,Month-to-month,Yes,Credit card
Male,0,No,No,36,101.85,1561.95,No,No,Yes,Yes,No,Month-to-month,Yes,Bank transfer
Male,0,No,Yes,26,56.63,7629.23,DSL,Yes,Yes,No,No,One year,Yes,Mailed check
Male,0,No,Yes,10,80.15,7330.38,DSL,Yes,Yes,No,No,Month-to-month,Yes,Electronic check
Male,0,Yes,Yes,31,80.63,4340.7,No,No,Yes,Yes,Yes,Month-to-month,Yes,Bank transfer
Male,0,Yes,No,29,56.5,7689.3,No,Yes,No,Yes,No,Two year,No,Electronic check
Female,0,No,Yes,5,110.45,2299.59,Fiber optic,Yes,Yes,Yes,No,One year,Yes,Bank transfer
Female,0,Yes,No,1,70.32,256.33,Fiber optic,No,No,No,Yes,Month-to-month,No,Bank transfer
Female,0,No,No,3,66.48,5610.95,No,No,No,No,No,Month-to-month,Yes,Electronic check
Male,1,Yes,No,67,119.75,4175.39,No,No,Yes,No,No,Month-to-month,Yes,Bank transfer
Male,0,No,Yes,71,69.35,5147.76,Fiber optic,No,Yes,No,No,One year,No,Electronic check
Male,1,Yes,No,35,37.84,8104.12,DSL,Yes,No,No,Yes,One year,Yes,Credit card
Female,0,No,Yes,15,71.31,8732.34,DSL,Yes,Yes,Yes,No,Month-to-month,Yes,Mailed check
Male,0,No,No,67,101.4,5746.63,No,No,Yes,No,Yes,Two year,No,Bank transfer
Male,0,No,Yes,30,97.69,6900.09,No,No,No,No,Yes,Two year,No,Electronic check
Female,0,No,No,43,98.86,845.9,Fiber optic,Yes,Yes,Yes,Yes,One year,Yes,Electronic check
Male,0,Yes,Yes,60,90.8,1530.37,No,Yes,Yes,Yes,Yes,Two year,No,Mailed check
Female,0,No,Yes,40,45.42,6625.52,DSL,Yes,No,Yes,Yes,Month-to-month,Yes,Mailed check
Female,0,Yes,Yes,65,106.21,3939.15,Fiber optic,No,No,No,Yes,One year,No,Mailed check
Female,0,Yes,No,29,109.34,4069.09,Fiber optic,No,No,Yes,No,One year,Yes,Bank transfer
Male,0,No,No,19,39.42,2846.61,DSL,No,Yes,No,No,Two year,No,Electronic check
Male,0,Yes,Yes,3,33.05,5505.47,DSL,No,No,Yes,Yes,One year,No,Bank transfer
Male,0,Yes,No,36,117.56,1747.97,Fiber optic,Yes,Yes,No,Yes,Two year,Yes,Bank transfer
Male,0,Yes,No,43,106.83,5679.55,No,No,Yes,No,No,Two year,No,Credit card
Male,0,No,No,15,109.32,1646.81,DSL,No,Yes,Yes,No,Month-to-month,No,Mailed check
Male,0,Yes,No,41,108.64,668.05,Fiber optic,Yes,No,No,No,Two year,No,Credit card
Male,1,Yes,No,36,74.17,3040.18,No,No,Yes,Yes,Yes,Two year,Yes,Credit card
Female,0,No,No,33,84.64,2157.15,No,Yes,Yes,No,Yes,One year,No,Bank transfer
Male,0,No,No,5,74.54,8012.03,Fiber optic,No,No,No,No,Month-to-month,No,Bank transfer
Female,1,Yes,Yes,14,25.12,589.09,DSL,Yes,No,No,Yes,Month-to-month,No,Electronic check
Male,0,No,Yes,68,94.55,1671.86,No,Yes,Yes,Yes,Yes,Two year,Yes,Credit card
Male,0,Yes,No,47,70.53,4983.6,DSL,Yes,No,No,Yes,One year,Yes,Mailed check
Male,0,Yes,Yes,54,84.77,4381.5,Fiber optic,No,Yes,Yes,Yes,One year,No,Credit card
Female,0,Yes,Yes,4,70.26,508.08,DSL,No,Yes,No,No,One year,Yes,Electronic check
Female,0,No,Yes,9,69.18,164.55,No,No,Yes,No,Yes,Month-to-month,No,Credit card
Female,0,Yes,No,53,37.18,8893.8,Fiber optic,No,No,Yes,Yes,Month-to-month,Yes,Credit card
Female,0,No,No,60,47.87,5963.63,No,No,No,Yes,Yes,Two year,No,Credit card
Male,0,No,No,46,35.89,3352.11,No,No,Yes,No,Yes,Two year,Yes,Electronic check
Female,1,Yes,No,54,39.57,4286.85,Fiber optic,Yes,Yes,No,No,One year,No,Credit card
Male,0,No,No,37,117.3,2472.3,Fiber optic,No,Yes,No,Yes,Two year,No,Bank transfer
Male,0,No,Yes,23,35.31,3169.38,DSL,No,Yes,No,Yes,One year,Yes,Credit card
Female,0,No,No,27,46.93,5876.5,Fiber optic,Yes,No,No,No,Month-to-month,No,Bank transfer
Female,0,No,Yes,70,79.06,7957.03,DSL,Yes,No,No,Yes,Two year,No,Credit card
Female,0,No,No,66,81.02,1738.76,Fiber optic,No,No,Yes,Yes,One year,No,Bank transfer
Female,0,Yes,Yes,61,35.4,7579.22,No,Yes,No,No,Yes,Month-to-month,Yes,Credit card
Female,0,No,No,51,99.37,1181.85,DSL,No,No,Yes,Yes,One year,No,Mailed check
Female,1,Yes,No,50,98.52,2013.43,Fiber optic,Yes,Yes,No,No,Two year,No,Bank transfer
Female,0,Yes,No,19,43.73,430.86,DSL,No,No,No,No,One year,No,Mailed check
Female,0,Yes,No,1,48.87,1353.23,DSL,Yes,Yes,Yes,No,Month-to-month,Yes,Bank transfer
Male,0,Yes,No,40,113.8,8264.0,DSL,Yes,Yes,No,Yes,Two year,No,Credit card
Female,0,Yes,No,32,102.57,4189.0,No,No,No,No,Yes,Month-to-month,Yes,Electronic check
Female,0,Yes,Yes,22,89.78,791.23,Fiber optic,No,No,Yes,No,Two year,No,Credit card
Male,0,No,No,66,28.22,8641.57,Fiber optic,Yes,Yes,No,No,One year,Yes,Electronic check
Female,0,No,Yes,40,61.83,7923.03,DSL,Yes,Yes,Yes,Yes,Month-to-month,Yes,Mailed check
Male,0,No,No,38,75.93,6816.67,Fiber optic,Yes,Yes,No,Yes,Month-to-month,Yes,Electronic check
Male,0,Yes,Yes,48,38.74,8407.91,No,Yes,No,No,Yes,One year,No,Electronic check
Female,0,No,Yes,55,64.82,2059.15,DSL,No,No,Yes,Yes,Month-to-month,Yes,Electronic check
Male,0,No,Yes,55,80.1,7543.69,No,Yes,No,Yes,Yes,Month-to-month,Yes,Electronic check
Male,0,No,Yes,51,52.74,6240.92,No,Yes,No,No,Yes,Month-to-month,Yes,Mailed check
Male,0,Yes,Yes,60,98.09,7840.86,Fiber optic,No,Yes,Yes,Yes,Month-to-month,Yes,Electronic check
Male,0,No,Yes,8,104.04,7192.51,Fiber optic,No,No,Yes,Yes,One year,Yes,Credit card
Female,0,Yes,No,68,52.36,3183.81,DSL,No,Yes,Yes,Yes,Month-to-month,Yes,Bank transfer
Male,0,No,Yes,72,103.87,6992.15,No,No,No,No,Yes,Month-to-month,Yes,Bank transfer
Female,0,Yes,No,9,30.36,2435.86,Fiber optic,No,No,Yes,No,Month-to-month,Yes,Credit card
Male,0,Yes,No,2,103.77,3024.47,DSL,No,No,Yes,Yes,Two year,Yes,Mailed check
Male,1,Yes,Yes,70,35.28,1060.36,DSL,Yes,Yes,Yes,Yes,Two year,No,Credit card
Male,0,No,Yes,59,28.29,8422.18,Fiber optic,Yes,Yes,Yes,Yes,One year,Yes,Credit card
Male,1,No,No,19,84.18,2689.93,No,Yes,No,Yes,No,One year,Yes,Electronic check
Female,0,Yes,Yes,28,67.19,4733.54,DSL,No,Yes,No,Yes,One year,Yes,Electronic check
Female,0,No,Yes,72,110.79,3582.86,Fiber optic,No,Yes,No,No,Month-to-month,Yes,Mailed check
Male,0,Yes,Yes,14,56.32,8643.36,DSL,Yes,No,No,Yes,Two year,Yes,Mailed check
Male,0,Yes,Yes,24,48.72,3081.94,Fiber optic,Yes,No,No,No,Two year,Yes,Bank transfer
Female,0,No,Yes,44,70.07,7029.06,DSL,No,Yes,No,No,One year,Yes,Mailed check
Male,0,No,Yes,56,65.59,7713.2,No,No,No,Yes,Yes,Two year,No,Credit card
Male,0,No,Yes,51,54.44,3976.9,DSL,Yes,Yes,Yes,No,One year,No,Bank transfer
Male,0,Yes,No,32,89.37,3465.73,Fiber optic,Yes,Yes,No,No,Month-to-month,No,Bank transfer
Female,0,Yes,Yes,50,95.96,6754.94,Fiber optic,Yes,No,Yes,Yes,Two year,Yes,Electronic check
Female,0,No,No,41,105.3,8224.77,Fiber optic,Yes,Yes,Yes,Yes,Month-to-month,Yes,Electronic check
Female,0,Yes,No,66,117.29,6818.89,No,Yes,No,Yes,Yes,Month-to-month,No,Bank transfer
Male,0,No,No,25,46.67,2121.42,Fiber optic,No,Yes,No,Yes,Two year,No,Electronic check
Male,0,Yes,No,61,91.61,8005.94,Fiber optic,Yes,Yes,Yes,Yes,One year,Yes,Electronic check
Female,0,No,Yes,66,59.43,3549.48,No,Yes,Yes,Yes,Yes,Two year,Yes,Electronic check
Female,0,No,No,42,87.71,5228.44,Fiber optic,No,Yes,No,No,Month-to-month,No,Bank transfer
Female,1,Yes,No,65,67.6,7499.78,Fiber optic,Yes,Yes,No,No,One year,No,Bank transfer
Female,1,No,No,36,119.38,1776.71,No,No,Yes,Yes,Yes,Month-to-month,No,Bank transfer
Male,0,No,No,9,92.89,7082.14,DSL,No,No,Yes,Yes,One year,No,Credit card
Female,0,Yes,No,36,115.25,5405.85,Fiber optic,Yes,Yes,No,Yes,Two year,Yes,Bank transfer
Male,0,No,Yes,38,103.5,8050.74,DSL,Yes,Yes,No,Yes,Month-to-month,No,Electronic check
Female,0,Yes,Yes,33,110.29,1630.54,No,No,Yes,Yes,No,One year,No,Bank transfer
Male,0,No,No,42,101.44,3844.07,Fiber optic,No,No,Yes,No,One year,Yes,Credit card
Female,0,Yes,Yes,61,65.92,7512.3,Fiber optic,No,Yes,No,Yes,Two year,No,Electronic check
Female,0,No,Yes,46,45.18,271.16,No,Yes,Yes,Yes,No,One year,No,Mailed check
Female,1,No,No,61,57.03,1098.59,Fiber optic,Yes,Yes,No,No,One year,No,Bank transfer
Female,0,No,No,18,22.02,8916.03,DSL,Yes,No,No,Yes,Month-to-month,Yes,Bank transfer
Male,0,No,No,70,72.4,2595.51,DSL,Yes,No,No,Yes,Two year,Yes,Mailed check
Female,0,Yes,Yes,15,70.51,8782.33,No,Yes,No,Yes,No,Two year,No,Electronic check
Male,1,Yes,No,48,72.53,1724.53,Fiber optic,No,Yes,Yes,Yes,Month-to-month,Yes,Bank transfer
Male,0,Yes,Yes,72,117.4,3313.74,Fiber optic,Yes,Yes,No,Yes,Month-to-month,Yes,Credit card
Male,0,Yes,Yes,13,111.15,6800.54,No,Yes,Yes,No,Yes,Month-to-month,No,Electronic check
Male,0,Yes,Yes,43,36.17,5954.23,DSL,No,No,No,No,One year,Yes,Bank transfer
Female,0,Yes,No,60,56.89,5271.99,DSL,Yes,Yes,No,No,Two year,No,Electronic check
Male,0,Yes,Yes,57,62.4,4816.1,No,Yes,No,Yes,No,Two year,Yes,Bank transfer
Male,0,No,No,71,56.05,7606.62,Fiber optic,Yes,No,No,No,Two year,No,Mailed check
Male,0,No,No,17,99.85,2191.04,DSL,No,Yes,No,Yes,One year,Yes,Bank transfer
Female,0,No,No,50,72.4,4037.99,Fiber optic,No,Yes,No,Yes,Two year,Yes,Electronic check
Female,0,No,No,32,77.21,1483.53,DSL,Yes,No,Yes,No,Two year,No,Bank transfer
Female,0,Yes,No,22,105.3,5403.88,Fiber optic,Yes,Yes,No,No,Two year,No,Bank transfer
Female,0,Yes,Yes,55,100.59,2329.85,DSL,Yes,No,No,Yes,Two year,No,Electronic check
Male,0,Yes,Yes,57,33.22,3071.19,Fiber optic,No,No,No,No,Month-to-month,No,Bank transfer
Male,0,No,Yes,13,91.39,4294.13,No,No,Yes,No,No,One year,Yes,Bank transfer
Female,0,Yes,Yes,47,63.54,338.26,DSL,Yes,Yes,No,No,Two year,Yes,Electronic check
Male,1,No,Yes,62,49.46,918.25,No,Yes,Yes,Yes,No,Two year,No,Mailed check
Male,0,Yes,No,54,25.0,6204.77,DSL,Yes,Yes,Yes,No,Two year,Yes,Credit card
Male,0,Yes,No,29,68.72,3917.83,DSL,Yes,Yes,Yes,No,Two year,No,Credit card
Female,0,Yes,Yes,22,55.54,7796.63,DSL,No,Yes,No,No,Two year,Yes,Credit card
Female,0,Yes,Yes,65,45.15,6282.58,Fiber optic,No,Yes,No,Yes,Month-to-month,No,Credit card
Male,0,No,Yes,29,89.47,172.1,DSL,Yes,No,Yes,Yes,Month-to-month,Yes,Credit card
Female,0,No,No,48,96.95,5588.74,No,No,Yes,No,Yes,One year,No,Credit card
Female,0,Yes,No,5,44.48,934.15,Fiber optic,No,Yes,Yes,No,One year,Yes,Electronic check
Female,0,No,No,35,24.94,7050.31,Fiber optic,Yes,Yes,No,Yes,Two year,Yes,Electronic check
Female,0,Yes,Yes,71,104.88,8924.42,DSL,Yes,Yes,Yes,Yes,Two year,No,Electronic check
Female,0,Yes,Yes,46,21.0,4827.67,Fiber optic,Yes,No,Yes,Yes,Month-to-month,Yes,Bank transfer
Male,0,Yes,Yes,35,113.71,6176.74,DSL,Yes,Yes,No,Yes,One year,Yes,Mailed check
Female,0,Yes,Yes,45,82.76,2212.1,No,No,No,No,No,Two year,No,Mailed check
Male,0,No,No,13,52.18,3994.62,Fiber optic,Yes,No,Yes,Yes,Two year,No,Credit card
Male,0,Yes,Yes,10,44.65,7719.25,Fiber optic,Yes,No,Yes,Yes,Two year,No,Credit card
Female,1,Yes,Yes,66,20.9,1590.06,No,Yes,No,No,Yes,One year,No,Electronic check
Male,0,No,Yes,70,43.55,2463.27,No,Yes,No,Yes,Yes,Month-to-month,Yes,Mailed check
Male,0,Yes,No,72,33.77,4064.36,DSL,No,Yes,No,No,Month-to-month,No,Bank transfer
Male,0,No,No,25,81.22,6439.02,Fiber optic,Yes,No,Yes,No,Two year,No,Bank transfer
Female,0,Yes,Yes,44,36.65,3445.37,No,Yes,No,No,Yes,Two year,No,Electronic check
Female,0,Yes,No,60,72.86,8356.82,Fiber optic,No,Yes,No,Yes,Two year,Yes,Credit card
Male,0,Yes,No,47,79.01,940.67,No,Yes,No,No,Yes,Two year,Yes,Mailed check
Female,0,Yes,No,40,49.8,3400.16,Fiber optic,Yes,Yes,Yes,Yes,Two year,Yes,Bank transfer
Female,0,Yes,No,7,23.51,6409.69,No,Yes,Yes,No,No,One year,Yes,Credit card
Female,0,Yes,No,46,23.73,2111.28,Fiber optic,No,Yes,No,No,Month-to-month,No,Mailed check
Female,0,No,Yes,23,22.63,5942.08,DSL,Yes,Yes,No,Yes,One year,Yes,Bank transfer
Male,0,Yes,Yes,46,93.91,1561.53,Fiber optic,Yes,No,Yes,No,One year,Yes,Credit card
Male,1,No,Yes,13,51.8,598.22,DSL,Yes,No,No,No,Two year,No,Bank transfer
Female,0,No,No,21,99.63,1177.04,DSL,No,No,No,Yes,One year,No,Credit card
Female,0,Yes,No,1,63.17,8376.86,DSL,Yes,Yes,No,Yes,Month-to-month,Yes,Credit card
Male,1,No,No,19,65.3,5010.58,Fiber optic,Yes,Yes,No,No,Two year,No,Credit card
Male,0,Yes,No,60,71.29,7187.48,Fiber optic,Yes,Yes,No,No,Month-to-month,Yes,Mailed check
Female,0,No,Yes,33,91.3,3060.63,DSL,No,No,Yes,No,One year,Yes,Electronic check
Male,0,Yes,Yes,4,47.35,5374.66,No,No,Yes,No,Yes,Two year,Yes,Credit card
Female,0,No,Yes,3,32.16,4505.07,Fiber optic,Yes,No,No,Yes,Month-to-month,No,Credit card
Female,0,No,Yes,52,75.61,8517.07,Fiber optic,Yes,No,Yes,Yes,Month-to-month,No,Bank transfer
Male,0,Yes,Yes,28,52.7,6753.41,Fiber optic,No,Yes,Yes,Yes,Two year,Yes,Bank transfer
Male,0,No,Yes,70,64.25,6601.83,Fiber optic,Yes,Yes,Yes,No,Month-to-month,Yes,Mailed check
Female,1,Yes,No,70,84.69,512.54,DSL,No,Yes,Yes,Yes,Two year,No,Electronic check
Female,0,Yes,No,55,69.41,4992.06,No,No,Yes,No,No,Two year,Yes,Bank transfer
Male,0,Yes,Yes,57,82.03,4256.22,No,No,Yes,Yes,No,One year,No,Mailed check
Female,0,Yes,No,16,74.42,8357.8,No,Yes,No,No,No,Month-to-month,No,Mailed check
Male,0,Yes,Yes,24,93.98,2390.34,No,No,No,Yes,No,Two year,No,Mailed check
Female,0,No,Yes,69,90.59,2501.52,DSL,No,Yes,Yes,Yes,One year,No,Credit card
Male,1,No,No,41,73.42,3760.98,Fiber optic,Yes,Yes,No,No,One year,Yes,Electronic check
Male,0,No,Yes,47,87.89,2265.99,Fiber optic,Yes,Yes,Yes,No,Two year,No,Electronic check
Male,0,Yes,Yes,69,107.36,1249.74,DSL,Yes,No,Yes,Yes,Two year,No,Electronic check
Female,0,No,Yes,31,63.23,7730.99,Fiber optic,No,No,No,No,Month-to-month,No,Credit card
Female,1,No,No,30,61.28,5068.66,DSL,No,No,Yes,Yes,Month-to-month,Yes,Credit card
Male,0,No,No,18,96.42,7766.13,No,Yes,No,Yes,Yes,Month-to-month,Yes,Bank transfer
Female,0,No,No,44,78.26,7497.1,DSL,No,Yes,Yes,Yes,Two year,Yes,Bank transfer
Male,0,No,No,27,27.1,2610.18,Fiber optic,Yes,No,No,Yes,One year,Yes,Bank transfer
Male,1,Yes,Yes,26,109.21,4974.86,Fiber optic,Yes,No,No,No,One year,Yes,Mailed check
Female,0,Yes,No,60,23.08,840.64,Fiber optic,Yes,Yes,No,Yes,Two year,No,Electronic check
Female,1,No,No,18,94.84,8245.74,No,Yes,Yes,No,No,Month-to-month,Yes,Credit card
Male,0,Yes,No,56,95.88,3697.94,DSL,Yes,No,No,No,One year,Yes,Bank transfer
Female,0,Yes,Yes,31,115.31,3603.72,DSL,No,Yes,Yes,Yes,One year,No,Mailed check
Female,0,No,No,59,25.41,2794.52,Fiber optic,No,Yes,No,No,Month-to-month,Yes,Credit card
Male,0,No,No,2,79.69,4199.91,DSL,Yes,Yes,Yes,No,One year,Yes,Mailed check
Male,0,Yes,Yes,39,62.78,2340.66,Fiber optic,No,No,No,No,Month-to-month,No,Mailed check
Female,0,No,Yes,61,53.06,3436.19,DSL,No,No,Yes,Yes,One year,Yes,Mailed check
Male,0,Yes,Yes,63,29.03,7219.53,No,Yes,Yes,No,No,One year,Yes,Electronic check
Male,0,Yes,Yes,18,76.27,7524.87,No,No,Yes,No,Yes,One year,No,Credit card
Female,0,No,No,17,67.9,2807.22,DSL,No,No,Yes,Yes,Month-to-month,Yes,Credit card
Male,1,Yes,Yes,39,30.46,4274.23,No,Yes,No,Yes,Yes,One year,Yes,Mailed check
Male,1,Yes,No,71,81.25,7877.0,No,No,Yes,Yes,No,One year,No,Electronic check
Female,0,Yes,No,54,93.8,568.79,No,No,Yes,Yes,No,One year,Yes,Mailed check
Female,0,No,No,35,96.73,8013.39,Fiber optic,No,No,No,No,Two year,Yes,Bank transfer
Male,0,No,No,11,110.54,2050.74,DSL,No,Yes,Yes,Yes,One year,Yes,Credit card
Male,0,No,No,61,60.95,6139.0,DSL,No,No,Yes,No,One year,Yes,Credit card
Female,0,No,Yes,44,115.31,5284.71,Fiber optic,Yes,Yes,No,Yes,Month-to-month,Yes,Electronic check
Female,0,Yes,No,68,106.54,5021.17,Fiber optic,Yes,No,Yes,Yes,Month-to-month,No,Credit card
Female,0,No,No,25,49.65,7748.31,No,Yes,Yes,Yes,No,Two year,Yes,Credit card
Female,0,No,No,48,35.93,1003.99,DSL,Yes,No,Yes,No,Month-to-month,No,Credit card
Male,0,No,Yes,32,63.54,3188.55,Fiber optic,Yes,Yes,No,Yes,Month-to-month,Yes,Electronic check
Female,0,No,No,4,60.19,4890.45,No,No,Yes,Yes,Yes,Month-to-month,Yes,Mailed check
Female,0,Yes,No,38,77.57,7320.47,DSL,No,Yes,No,No,Two year,No,Credit card
Male,0,Yes,Yes,63,78.34,2026.34,No,Yes,Yes,Yes,No,Two year,No,Mailed check
Female,0,Yes,No,47,95.0,7246.08,DSL,Yes,No,No,No,One year,No,Electronic check
Male,0,No,No,1,70.99,3656.78,No,Yes,Yes,No,Yes,One year,Yes,Mailed check
Female,0,No,Yes,3,30.48,1781.33,DSL,No,No,Yes,No,Month-to-month,Yes,Bank transfer
Female,1,Yes,No,62,105.83,6854.98,DSL,No,No,Yes,No,One year,No,Credit card
Female,0,No,No,64,50.98,909.0,DSL,No,Yes,Yes,Yes,One year,Yes,Electronic check
Male,0,No,No,17,117.13,4681.43,DSL,No,No,Yes,Yes,Two year,Yes,Electronic check
Male,0,Yes,No,62,31.79,668.49,No,No,Yes,Yes,No,Two year,Yes,Mailed check
Female,0,Yes,No,35,115.83,3272.12,Fiber optic,No,No,Yes,No,One year,Yes,Credit card
Male,0,No,Yes,13,29.1,5449.58,DSL,Yes,Yes,No,No,One year,Yes,Electronic check
Male,0,No,Yes,35,43.1,5049.43,DSL,No,Yes,No,Yes,One year,No,Bank transfer
Male,0,No,Yes,43,24.66,3701.43,DSL,Yes,No,Yes,No,Month-to-month,Yes,Mailed check
Male,1,Yes,No,2,90.51,3918.53,DSL,Yes,No,No,Yes,Two year,No,Bank transfer
Male,0,Yes,No,56,105.03,2118.25,No,No,Yes,Yes,No,One year,Yes,Bank transfer
Male,0,Yes,No,51,63.41,4157.36,Fiber optic,No,No,Yes,Yes,One year,Yes,Mailed check
Female,0,Yes,Yes,54,112.85,8583.97,Fiber optic,No,Yes,No,No,Month-to-month,Yes,Bank transfer
Female,0,No,No,16,79.03,7669.03,Fiber optic,No,Yes,Yes,No,Two year,Yes,Mailed check
Male,0,Yes,No,18,83.0,1392.57,No,No,No,No,No,Month-to-month,No,Mailed check
Female,0,Yes,No,7,104.54,365.05,Fiber optic,No,Yes,Yes,Yes,Month-to-month,Yes,Electronic check
Female,0,No,Yes,45,49.68,8408.37,No,No,No,No,Yes,One year,Yes,Electronic check
Female,0,No,Yes,36,55.43,4788.07,No,No,Yes,Yes,Yes,Month-to-month,No,Bank transfer
Female,0,No,No,41,110.6,4886.76,DSL,Yes,Yes,No,Yes,Month-to-month,Yes,Bank transfer
Male,0,Yes,No,42,110.1,7048.39,No,Yes,Yes,No,No,One year,Yes,Bank transfer
Female,0,No,No,7,117.65,2900.73,Fiber optic,No,No,Yes,Yes,Two year,Yes,Bank transfer
Female,0,No,Yes,15,110.18,4388.98,Fiber optic,Yes,Yes,Yes,Yes,One year,No,Bank transfer
Male,0,Yes,Yes,60,32.74,8721.1,Fiber optic,No,Yes,No,No,Two year,Yes,Electronic check
Male,0,Yes,Yes,40,102.37,6082.12,DSL,Yes,No,Yes,Yes,Month-to-month,No,Bank transfer
Female,0,No,No,37,60.98,1468.33,DSL,Yes,Yes,Yes,No,Month-to-month,No,Bank transfer
Female,0,Yes,Yes,66,119.08,1285.72,DSL,No,No,Yes,Yes,One year,Yes,Credit card
Female,1,No,No,55,67.23,1917.96,No,No,No,Yes,Yes,One year,Yes,Mailed check
Female,0,No,No,56,75.38,6923.73,Fiber optic,No,No,Yes,No,One year,Yes,Mailed check
Female,0,Yes,Yes,44,72.98,2728.86,No,Yes,Yes,Yes,No,Month-to-month,Yes,Electronic check
Female,0,No,No,57,52.17,290.36,No,Yes,No,No,No,Month-to-month,No,Mailed check
Male,0,Yes,Yes,6,27.5,8503.15,Fiber optic,No,Yes,No,No,Two year,Yes,Bank transfer
Female,1,Yes,No,32,109.57,1610.45,DSL,Yes,No,Yes,Yes,One year,Yes,Mailed check
Female,1,Yes,No,18,100.27,185.07,Fiber optic,No,Yes,No,Yes,Month-to-month,Yes,Electronic check
Male,0,No,Yes,68,33.95,2210.47,No,Yes,No,Yes,No,Two year,No,Mailed check
Male,0,Yes,No,7,97.68,2191.76,No,No,No,No,No,One year,Yes,Mailed check
Male,0,Yes,No,8,82.58,3855.85,DSL,Yes,No,Yes,Yes,One year,Yes,Credit card
Male,1,No,No,64,60.91,8291.47,No,No,Yes,Yes,No,Two year,Yes,Credit card
Female,0,No,No,7,45.4,7924.75,No,No,No,Yes,Yes,Two year,Yes,Bank transfer
Female,0,No,No,41,105.97,4166.36,Fiber optic,No,Yes,No,No,Two year,Yes,Mailed check
Female,0,No,No,40,90.02,3757.01,DSL,Yes,Yes,Yes,No,Month-to-month,Yes,Bank transfer
Female,0,Yes,No,3,74.77,5039.58,Fiber optic,No,Yes,Yes,No,One year,Yes,Mailed check
Female,0,Yes,No,17,80.96,2266.74,Fiber optic,Yes,Yes,No,No,One year,No,Bank transfer
Female,0,Yes,Yes,66,29.11,564.45,Fiber optic,No,Yes,No,Yes,Two year,No,Bank transfer
Male,0,No,Yes,52,67.39,8459.09,No,No,Yes,Yes,No,Month-to-month,Yes,Mailed check
Female,0,No,No,22,39.37,1761.62,No,No,No,No,Yes,Two year,Yes,Credit card
Male,0,Yes,No,4,40.84,1865.77,DSL,Yes,No,No,No,Month-to-month,Yes,Electronic check
Male,0,No,Yes,6,86.13,4304.9,No,Yes,Yes,Yes,No,One year,No,Bank transfer
Female,0,No,No,38,111.13,4475.36,DSL,Yes,Yes,Yes,Yes,One year,Yes,Electronic check
Male,0,Yes,Yes,26,60.38,264.06,Fiber optic,No,No,Yes,No,Month-to-month,Yes,Mailed check
Female,0,Yes,Yes,11,40.77,1416.8,Fiber optic,Yes,No,Yes,Yes,One year,No,Bank transfer
Male,0,No,Yes,17,84.87,3465.58,No,No,Yes,No,No,One year,No,Mailed check
Female,0,No,No,31,107.12,6185.2,No,No,No,Yes,Yes,Two year,Yes,Bank transfer
Male,0,No,No,35,94.83,2132.92,DSL,No,Yes,Yes,No,Month-to-month,Yes,Credit card
Female,0,Yes,No,16,106.88,3864.83,No,No,No,Yes,No,One year,No,Bank transfer
Female,0,Yes,Yes,18,73.66,5060.37,No,No,No,No,No,One year,No,Bank transfer
Female,0,Yes,Yes,62,95.19,8008.47,No,Yes,No,Yes,No,Month-to-month,No,Bank transfer
Female,0,Yes,Yes,27,34.01,3002.03,Fiber optic,Yes,No,Yes,No,One year,No,Mailed check
Female,0,Yes,No,35,54.83,1288.67,No,No,No,Yes,Yes,Month-to-month,Yes,Credit card
Male,0,No,Yes,45,58.95,4454.52,No,No,Yes,No,Yes,Month-to-month,Yes,Mailed check
Male,0,No,Yes,35,71.13,6745.82,Fiber optic,Yes,Yes,Yes,Yes,Two year,No,Electronic check
Male,0,No,No,28,112.91,1077.75,Fiber optic,No,No,Yes,No,Month-to-month,Yes,Credit card
Female,0,Yes,Yes,9,107.43,3879.68,Fiber optic,No,Yes,Yes,No,Two year,Yes,Bank transfer
Male,0,Yes,Yes,15,33.45,258.29,Fiber optic,No,Yes,Yes,No,One year,No,Bank transfer
Female,0,Yes,No,21,37.28,398.68,No,No,No,No,Yes,Month-to-month,No,Bank transfer
Female,0,No,No,52,55.76,4398.28,No,Yes,Yes,No,Yes,Two year,No,Electronic check
Male,0,Yes,Yes,35,49.07,2753.96,No,No,Yes,Yes,Yes,Month-to-month,Yes,Electronic check
Male,0,Yes,No,51,81.48,7621.45,DSL,Yes,No,No,No,One year,Yes,Bank transfer
Female,0,No,Yes,55,110.28,5459.17,Fiber optic,Yes,Yes,No,No,Two year,Yes,Bank transfer
Male,0,Yes,No,44,116.23,4140.0,No,Yes,No,Yes,Yes,Two year,No,Electronic check
Female,0,No,Yes,65,85.36,3730.62,No,Yes,No,Yes,Yes,Two year,Yes,Mailed check
Female,0,Yes,No,25,103.82,4525.48,No,No,Yes,No,Yes,One year,No,Credit card
Female,0,Yes,Yes,47,72.52,459.91,Fiber optic,No,No,Yes,Yes,Two year,Yes,Credit card
Female,0,No,No,56,40.83,8045.86,Fiber optic,No,Yes,Yes,No,One year,No,Electronic check
Female,0,No,No,38,72.47,8984.9,Fiber optic,Yes,Yes,Yes,Yes,One year,Yes,Electronic check
Male,1,No,No,11,75.51,1715.24,No,Yes,No,Yes,No,Month-to-month,Yes,Mailed check
Male,1,No,No,67,94.25,1171.41,Fiber optic,Yes,Yes,No,No,One year,No,Bank transfer
Female,0,No,No,15,41.99,1377.84,No,No,Yes,Yes,No,Two year,No,Electronic check
Female,0,No,No,1,56.83,5983.14,DSL,No,Yes,No,No,Two year,Yes,Mailed check
Male,0,Yes,No,7,56.4,5986.82,Fiber optic,No,Yes,Yes,No,One year,Yes,Electronic check
Male,0,Yes,Yes,1,115.94,7646.53,Fiber optic,Yes,Yes,Yes,No,One year,No,Bank transfer
Female,0,No,Yes,49,64.39,6791.25,No,Yes,Yes,No,Yes,Month-to-month,Yes,Electronic check
Male,0,Yes,No,29,95.51,4102.24,Fiber optic,No,Yes,No,Yes,Month-to-month,Yes,Bank transfer
Female,0,No,No,26,95.08,5554.41,Fiber optic,Yes,No,No,Yes,Two year,No,Mailed check
Male,0,Yes,Yes,45,46.55,6225.73,No,Yes,Yes,No,Yes,One year,No,Credit card
Female,0,No,Yes,71,77.19,4663.35,No,No,No,Yes,No,Two year,Yes,Mailed check
Male,0,Yes,No,12,109.43,4333.29,No,Yes,No,Yes,Yes,One year,No,Credit card
Female,0,Yes,Yes,32,67.52,5841.37,DSL,Yes,Yes,No,No,Two year,Yes,Mailed check
Male,0,Yes,Yes,20,114.51,5061.52,No,No,No,Yes,Yes,Two year,Yes,Credit card
Male,0,Yes,No,51,41.45,5831.09,Fiber optic,Yes,No,Yes,Yes,Two year,No,Mailed check
Female,0,Yes,No,36,27.42,5554.41,DSL,Yes,No,Yes,No,One year,Yes,Bank transfer
Male,0,No,No,67,109.15,6500.85,No,Yes,Yes,No,No,Month-to-month,Yes,Credit card
Female,0,No,Yes,1,104.77,5820.95,DSL,Yes,No,No,Yes,Month-to-month,Yes,Credit card
Male,0,No,No,27,119.26,4725.71,DSL,No,No,No,Yes,One year,Yes,Bank transfer
Female,0,Yes,No,40,87.94,6167.99,Fiber optic,No,No,No,No,Month-to-month,Yes,Bank transfer
Male,0,No,Yes,14,113.67,4100.39,DSL,Yes,No,No,No,Two year,No,Credit card
Female,1,Yes,No,69,102.69,2250.87,No,No,No,No,No,One year,No,Credit card
Male,0,Yes,Yes,6,104.44,112.62,DSL,No,No,No,No,One year,Yes,Credit card
Female,0,Yes,Yes,33,76.91,5083.68,DSL,No,Yes,Yes,No,Month-to-month,Yes,Electronic check
Male,1,No,Yes,55,58.24,5356.83,Fiber optic,Yes,No,Yes,No,Month-to-month,No,Mailed check
Female,0,Yes,Yes,19,113.46,8751.24,Fiber optic,Yes,No,No,No,Two year,Yes,Bank transfer
Female,0,No,Yes,29,63.21,3317.16,No,No,Yes,Yes,No,One year,No,Bank transfer
Female,0,No,Yes,61,73.88,3607.79,Fiber optic,No,Yes,Yes,No,Month-to-month,No,Mailed check
Male,0,Yes,No,70,64.61,1896.02,No,No,No,No,No,One year,No,Bank transfer
Female,0,Yes,No,24,76.48,727.76,No,No,No,Yes,Yes,Two year,Yes,Bank transfer
Male,0,No,No,23,67.05,6977.96,Fiber optic,Yes,Yes,Yes,No,Two year,Yes,Credit card
Female,0,No,Yes,10,24.8,2322.16,DSL,No,No,No,No,Two year,Yes,Bank transfer
Male,0,No,No,54,108.2,5519.25,Fiber optic,Yes,No,No,Yes,One year,Yes,Electronic check
Female,0,No,Yes,41,64.44,6221.18,DSL,Yes,Yes,Yes,No,One year,No,Electronic check
Male,0,No,No,49,78.89,4294.01,DSL,Yes,No,No,Yes,One year,Yes,Credit card
Male,0,No,Yes,17,33.92,7899.53,No,Yes,Yes,No,No,One year,Yes,Credit card
Female,0,Yes,No,56,20.34,4049.77,No,Yes,No,Yes,Yes,One year,Yes,Bank transfer
Male,0,No,Yes,45,44.53,2635.69,Fiber optic,Yes,No,No,No,Two year,No,Credit card
Male,0,No,No,30,90.46,8074.54,DSL,Yes,Yes,Yes,Yes,Two year,Yes,Credit card
Female,0,No,Yes,44,29.92,7767.92,Fiber optic,No,Yes,No,Yes,Two year,No,Mailed check
Male,0,No,No,55,110.89,1559.96,No,Yes,No,Yes,No,Month-to-month,Yes,Credit card
Male,0,Yes,Yes,19,41.5,331.05,DSL,No,No,No,No,Two year,Yes,Electronic check
Male,1,Yes,No,29,40.46,900.87,Fiber optic,No,No,Yes,Yes,One year,Yes,Bank transfer
Female,0,No,No,2,38.15,2650.27,Fiber optic,No,Yes,No,Yes,Two year,Yes,Credit card
Male,0,No,No,36,21.4,8753.11,No,No,Yes,Yes,Yes,Month-to-month,Yes,Mailed check
Female,0,No,Yes,19,97.18,5070.79,No,No,Yes,No,No,Month-to-month,No,Bank transfer
Male,0,Yes,Yes,7,107.5,3422.03,No,Yes,Yes,Yes,Yes,Month-to-month,Yes,Bank transfer
Male,0,Yes,Yes,26,81.42,8009.57,No,Yes,Yes,No,Yes,Month-to-month,No,Bank transfer
Male,1,Yes,Yes,38,38.82,4132.91,Fiber optic,No,Yes,Yes,Yes,Month-to-month,Yes,Mailed check
Female,0,Yes,Yes,3,48.53,2905.62,No,No,No,Yes,Yes,One year,Yes,Electronic check
Male,0,Yes,No,66,67.59,8476.85,No,No,Yes,No,No,Two year,No,Mailed check
Male,0,Yes,Yes,71,115.43,7660.71,Fiber optic,Yes,Yes,No,No,One year,Yes,Mailed check
Female,0,No,No,43,44.74,7608.65,Fiber optic,No,Yes,Yes,Yes,One year,No,Bank transfer
Male,0,Yes,No,62,93.16,4659.33,DSL,Yes,Yes,No,No,Month-to-month,No,Mailed check
Female,0,Yes,Yes,71,63.94,7126.0,Fiber optic,Yes,No,Yes,No,Two year,Yes,Bank transfer
Female,0,No,No,24,49.78,1696.24,DSL,No,Yes,Yes,Yes,Two year,Yes,Credit card
Male,0,Yes,Yes,39,65.59,5201.68,No,Yes,No,Yes,Yes,Two year,Yes,Credit card
Female,0,No,Yes,68,27.12,8856.23,DSL,Yes,Yes,Yes,No,Month-to-month,Yes,Mailed check
Male,1,Yes,Yes,44,99.87,2689.53,DSL,Yes,No,Yes,No,One year,Yes,Electronic check
Female,0,No,No,5,44.33,7169.74,No,No,Yes,Yes,Yes,Two year,No,Bank transfer
Female,0,No,Yes,55,92.54,4465.26,No,No,Yes,No,Yes,One year,No,Mailed check
Male,0,No,Yes,30,26.83,454.27,No,No,Yes,Yes,Yes,Two year,Yes,Mailed check
Female,0,No,Yes,29,115.51,6890.87,DSL,No,Yes,Yes,Yes,Two year,Yes,Electronic check
Female,1,No,No,26,39.3,1600.27,Fiber optic,No,No,Yes,Yes,Two year,No,Bank transfer
Female,0,Yes,Yes,26,108.27,5720.11,Fiber optic,No,No,Yes,No,Two year,No,Mailed check
Female,0,Yes,No,37,100.95,862.41,Fiber optic,No,Yes,Yes,Yes,Month-to-month,No,Electronic check
Female,1,No,No,53,116.79,8527.12,No,No,Yes,No,Yes,Month-to-month,Yes,Bank transfer
Male,0,No,Yes,30,67.79,2696.34,No,Yes,No,No,Yes,One year,Yes,Credit card
Female,1,No,No,3,92.74,2115.54,Fiber optic,No,No,Yes,Yes,Month-to-month,No,Electronic check
Male,0,Yes,No,43,57.07,1249.31,No,Yes,No,Yes,No,Two year,No,Mailed check
Female,0,No,Yes,7,38.44,8519.42,DSL,Yes,Yes,Yes,No,One year,Yes,Credit card
Male,0,No,Yes,49,64.31,6435.94,DSL,No,No,No,No,One year,No,Bank transfer
Male,0,No,Yes,41,36.57,6700.78,No,Yes,Yes,No,No,One year,Yes,Electronic check
Female,1,No,No,54,118.2,4544.7,Fiber optic,Yes,Yes,Yes,No,Two year,No,Credit card
Female,0,Yes,Yes,69,29.62,4325.08,Fiber optic,No,No,No,No,Two year,Yes,Credit card
Female,0,No,No,27,78.92,1079.19,DSL,Yes,Yes,Yes,Yes,One year,No,Mailed check
Male,0,No,No,8,82.65,5082.59,No,No,Yes,Yes,Yes,Month-to-month,No,Credit card
Female,0,Yes,No,32,73.81,2297.56,Fiber optic,Yes,No,No,Yes,Two year,No,Mailed check
Male,0,No,No,64,86.22,8796.59,Fiber optic,Yes,Yes,No,No,Two year,No,Bank transfer
Male,1,No,No,10,31.62,7189.57,No,No,No,No,No,Month-to-month,Yes,Mailed check
Male,0,Yes,Yes,13,75.5,3775.63,No,Yes,No,No,No,One year,No,Electronic check
Female,0,Yes,Yes,63,48.72,1446.94,Fiber optic,Yes,No,No,Yes,Month-to-month,Yes,Credit card
Female,0,Yes,No,35,114.02,7089.45,No,No,Yes,Yes,No,Two year,No,Bank transfer
Male,0,No,No,61,96.21,1186.28,No,No,No,No,Yes,One year,No,Mailed check
Male,0,No,Yes,54,117.25,1785.07,No,Yes,No,Yes,No,One year,Yes,Mailed check
Female,0,Yes,Yes,8,23.76,1982.53,Fiber optic,Yes,Yes,No,Yes,Month-to-month,No,Mailed check
Male,1,Yes,No,29,48.51,5056.33,DSL,No,Yes,Yes,No,Two year,No,Bank transfer
Female,0,Yes,No,41,39.54,7104.8,No,Yes,No,No,Yes,Two year,Yes,Bank transfer
Male,0,No,Yes,30,21.12,2897.4,Fiber optic,No,Yes,No,Yes,One year,No,Electronic check
Female,0,No,Yes,21,44.23,853.56,DSL,No,Yes,Yes,No,Two year,No,Bank transfer
Male,1,Yes,No,11,87.88,4234.39,Fiber optic,No,Yes,No,No,One year,No,Mailed check
Female,0,No,Yes,2,43.11,6758.18,Fiber optic,Yes,Yes,Yes,Yes,One year,Yes,Bank transfer
Male,0,Yes,Yes,50,70.9,2072.81,Fiber optic,Yes,Yes,No,No,One year,No,Mailed check
Female,0,No,No,41,108.78,2057.33,DSL,Yes,No,Yes,No,Two year,Yes,Electronic check
Female,0,No,No,66,89.38,8530.32,Fiber optic,No,No,Yes,Yes,Month-to-month,Yes,Electronic check
Male,0,No,No,3,59.46,8591.97,DSL,Yes,No,No,Yes,One year,Yes,Mailed check
Male,0,No,Yes,51,57.25,8915.15,No,No,Yes,No,Yes,Month-to-month,Yes,Bank transfer
Female,0,Yes,No,68,65.57,7288.17,DSL,Yes,Yes,No,No,Month-to-month,No,Bank transfer
Male,0,No,Yes,25,37.7,1774.84,Fiber optic,No,No,No,Yes,Month-to-month,No,Credit card
Female,1,No,No,30,83.4,1986.64,DSL,No,No,No,No,Month-to-month,Yes,Electronic check
Male,0,Yes,No,11,56.42,3128.0,Fiber optic,Yes,No,Yes,No,Month-to-month,No,Electronic check
Female,0,No,Yes,17,105.24,2931.38,No,No,Yes,No,Yes,One year,No,Mailed check
Female,0,Yes,Yes,26,95.66,8613.1,DSL,Yes,No,No,No,Two year,No,Credit card
Female,0,Yes,No,23,81.05,7122.76,No,Yes,Yes,Yes,No,Month-to-month,No,Bank transfer
Female,0,No,No,56,56.42,6543.68,DSL,Yes,No,Yes,Yes,Two year,No,Mailed check
Female,0,No,Yes,52,40.99,1755.07,Fiber optic,Yes,No,No,Yes,Two year,No,Bank transfer
Female,0,Yes,No,48,97.62,8194.78,DSL,Yes,Yes,Yes,No,One year,Yes,Bank transfer
Male,0,Yes,Yes,20,68.64,7468.05,No,No,Yes,No,Yes,Month-to-month,No,Bank transfer
Male,0,Yes,Yes,2,42.48,1556.41,DSL,Yes,No,Yes,Yes,Two year,Yes,Credit card
Male,0,No,No,31,39.52,7853.42,No,No,No,Yes,No,Two year,No,Electronic check
Female,0,Yes,Yes,27,36.54,2523.0,No,Yes,No,Yes,Yes,Month-to-month,Yes,Electronic check
Female,0,Yes,Yes,2,97.72,819.74,Fiber optic,No,Yes,No,Yes,One year,No,Bank transfer
Female,0,Yes,Yes,4,42.9,5945.72,DSL,No,Yes,Yes,No,One year,Yes,Credit card
Female,0,No,No,13,72.66,5918.86,No,Yes,No,No,No,Month-to-month,Yes,Bank transfer
Male,0,Yes,Yes,35,65.15,944.89,Fiber optic,No,No,No,No,Two year,No,Bank transfer
Male,0,No,No,72,77.96,2937.78,Fiber optic,Yes,No,No,Yes,One year,No,Mailed check
Female,0,No,No,66,107.72,8936.05,Fiber optic,Yes,Yes,Yes,Yes,One year,Yes,Credit card
Male,0,Yes,No,6,106.77,6138.0,No,Yes,No,No,No,Two year,No,Credit card
Male,0,No,Yes,31,65.11,6597.67,DSL,No,No,Yes,Yes,Two year,No,Electronic check
Female,1,Yes,Yes,10,21.54,1994.96,No,No,Yes,Yes,Yes,Two year,No,Electronic check
Male,1,No,No,21,62.64,801.16,Fiber optic,No,No,No,Yes,Two year,No,Bank transfer
Female,1,No,No,23,80.62,2564.43,No,No,No,No,Yes,Month-to-month,Yes,Mailed check
Male,0,Yes,Yes,3,75.78,2315.2,No,Yes,Yes,No,No,Two year,No,Mailed check
Female,0,Yes,No,32,85.13,2187.44,Fiber optic,Yes,Yes,No,No,One year,No,Mailed check
Female,1,Yes,No,20,35.41,1815.51,DSL,No,No,No,Yes,Two year,No,Bank transfer
Female,0,No,Yes,29,84.65,5215.33,Fiber optic,No,Yes,Yes,Yes,Two year,No,Electronic check
Female,0,No,No,52,38.27,3020.12,Fiber optic,Yes,Yes,Yes,Yes,Month-to-month,Yes,Credit card
Male,0,Yes,Yes,46,95.05,7401.07,No,No,Yes,No,No,Month-to-month,No,Bank transfer
Female,0,Yes,Yes,34,53.91,1737.13,Fiber optic,Yes,Yes,No,No,Two year,No,Mailed check
Female,1,No,No,61,90.99,4235.18,No,No,Yes,No,No,Month-to-month,No,Mailed check
Female,0,No,Yes,72,24.79,221.55,Fiber optic,No,Yes,Yes,No,Month-to-month,Yes,Bank transfer
Male,0,No,Yes,71,60.79,4386.97,Fiber optic,No,Yes,Yes,No,Month-to-month,No,Mailed check
Female,0,Yes,Yes,70,90.5,596.96,DSL,Yes,No,No,Yes,Month-to-month,Yes,Credit card
Male,0,No,No,11,42.69,8801.74,Fiber optic,Yes,Yes,No,Yes,Two year,No,Bank transfer
Female,0,Yes,No,63,99.53,7136.27,DSL,No,Yes,Yes,No,Month-to-month,No,Credit card
Male,0,No,No,21,83.08,4461.99,Fiber optic,No,Yes,Yes,No,Month-to-month,Yes,Electronic check
Male,0,No,Yes,3,78.76,870.63,Fiber optic,No,Yes,No,Yes,One year,Yes,Mailed check
Female,1,Yes,Yes,10,55.35,5372.76,Fiber optic,No,No,No,No,Two year,No,Mailed check
Male,0,Yes,No,27,68.25,6853.0,DSL,No,No,Yes,Yes,Month-to-month,No,Electronic check
Female,0,Yes,No,12,79.73,1797.38,No,No,Yes,Yes,No,One year,No,Electronic check
Female,0,No,Yes,7,67.25,5157.05,DSL,No,No,Yes,Yes,Month-to-month,No,Electronic check
Female,0,No,No,17,89.83,7346.48,Fiber optic,No,No,Yes,No,Two year,No,Mailed check
Male,0,No,No,65,63.37,6937.41,No,Yes,No,Yes,Yes,One year,Yes,Electronic check
Male,0,Yes,No,64,40.23,7246.63,Fiber optic,Yes,No,No,Yes,One year,No,Bank transfer
Female,0,No,No,26,41.39,7925.98,DSL,Yes,No,No,No,Two year,Yes,Electronic check
Female,0,Yes,No,15,20.58,8445.37,DSL,Yes,Yes,Yes,No,One year,Yes,Bank transfer
Male,1,Yes,Yes,33,50.1,3709.14,No,No,Yes,Yes,No,One year,No,Bank transfer
Female,0,Yes,No,62,94.89,5162.05,DSL,Yes,Yes,Yes,No,Month-to-month,No,Credit card
Female,0,No,No,47,99.42,7136.87,Fiber optic,Yes,No,Yes,No,One year,Yes,Bank transfer
Female,0,No,Yes,35,40.25,6304.54,No,No,Yes,No,Yes,Two year,Yes,Bank transfer
Male,0,Yes,Yes,65,115.9,8960.13,Fiber optic,Yes,No,No,No,Month-to-month,No,Electronic check
Male,0,No,Yes,72,70.24,221.73,No,Yes,Yes,No,No,One year,Yes,Mailed check
Male,1,Yes,Yes,25,111.7,3260.69,No,Yes,Yes,No,No,Month-to-month,Yes,Electronic check
Female,1,Yes,No,57,90.68,2601.15,Fiber optic,Yes,Yes,Yes,No,Two year,Yes,Credit card
Female,0,No,No,32,92.24,2434.61,DSL,Yes,Yes,Yes,Yes,One year,No,Credit card
Female,1,Yes,No,63,28.5,2080.52,Fiber optic,No,No,No,No,Two year,No,Mailed check
Male,0,Yes,No,12,42.0,6411.2,DSL,No,Yes,Yes,No,Two year,Yes,Bank transfer
Female,0,No,Yes,63,20.88,854.36,DSL,No,Yes,No,No,One year,Yes,Credit card
Female,0,Yes,Yes,1,91.61,6700.32,Fiber optic,Yes,No,Yes,No,One year,No,Mailed check
Female,1,Yes,No,51,54.44,6271.49,No,Yes,No,Yes,Yes,Month-to-month,No,Electronic check
Female,0,Yes,No,70,98.67,2332.16,Fiber optic,Yes,Yes,No,Yes,Two year,Yes,Electronic check
Male,0,Yes,No,8,53.89,2350.22,No,No,Yes,Yes,Yes,One year,No,Electronic check
Male,0,Yes,No,68,101.93,5696.86,DSL,Yes,No,Yes,Yes,Two year,No,Bank transfer
Female,0,Yes,Yes,5,33.07,6883.32,No,Yes,No,Yes,Yes,One year,No,Bank transfer
Male,0,Yes,No,39,37.34,7900.72,Fiber optic,Yes,Yes,No,No,Two year,No,Mailed check
Male,1,No,Yes,23,54.09,7684.04,No,Yes,No,Yes,Yes,Month-to-month,No,Credit card
Female,0,No,Yes,68,60.85,8687.46,DSL,No,No,Yes,Yes,Two year,Yes,Electronic check
Female,0,Yes,Yes,52,54.87,5274.33,DSL,No,Yes,Yes,No,One year,Yes,Bank transfer
Male,1,Yes,Yes,4,96.36,8187.03,No,Yes,Yes,No,Yes,Month-to-month,No,Bank transfer
Female,0,No,No,47,29.7,7295.77,DSL,No,Yes,Yes,Yes,Month-to-month,No,Credit card
Male,1,No,No,21,55.12,8062.54,DSL,No,No,Yes,Yes,One year,No,Electronic check
Female,0,No,No,56,103.72,203.48,No,No,Yes,No,Yes,Month-to-month,No,Electronic check
Male,0,No,No,66,26.68,8696.54,DSL,Yes,Yes,Yes,No,Two year,Yes,Credit card
Female,0,No,Yes,59,114.23,4314.42,No,No,Yes,Yes,Yes,Two year,Yes,Mailed check
Male,1,Yes,Yes,7,118.63,7203.83,No,No,No,Yes,Yes,One year,No,Mailed check
Male,0,No,Yes,49,28.86,1232.12,DSL,Yes,Yes,No,Yes,Two year,No,Credit card
Male,0,No,No,16,49.13,3623.88,No,No,Yes,Yes,Yes,One year,No,Credit card
Female,0,No,Yes,17,57.24,2516.0,DSL,No,No,Yes,Yes,Month-to-month,No,Mailed check
Male,0,Yes,Yes,34,97.64,2695.76,DSL,No,No,No,No,Two year,No,Credit card
Male,0,Yes,Yes,33,79.59,1196.98,DSL,Yes,Yes,No,Yes,One year,Yes,Electronic check
Female,0,Yes,Yes,26,84.44,7271.3,Fiber optic,Yes,Yes,Yes,Yes,Two year,Yes,Mailed check
Female,1,Yes,No,66,95.75,182.26,DSL,No,Yes,Yes,No,Month-to-month,No,Mailed check
Male,0,Yes,Yes,63,31.8,2881.3,No,Yes,No,Yes,No,Month-to-month,No,Mailed check
Male,0,Yes,Yes,41,103.32,1652.25,No,Yes,Yes,No,Yes,Two year,Yes,Electronic check
Female,0,No,No,58,90.56,5342.45,No,Yes,Yes,Yes,No,Month-to-month,Yes,Credit card
Female,1,Yes,No,10,77.73,2362.85,Fiber optic,No,No,No,Yes,One year,Yes,Bank transfer
Female,0,Yes,No,15,108.97,2405.09,Fiber optic,No,No,Yes,Yes,Two year,No,Bank transfer
Female,0,No,Yes,42,90.03,4446.21,No,Yes,Yes,No,Yes,Two year,Yes,Electronic check
Female,0,Yes,Yes,57,40.17,5908.93,No,No,No,No,Yes,Month-to-month,No,Electronic check
Male,0,No,Yes,17,62.97,1179.61,Fiber optic,Yes,Yes,No,No,One year,No,Credit card
Female,0,No,Yes,60,69.4,1662.05,No,Yes,Yes,Yes,No,Two year,Yes,Bank transfer
Male,0,Yes,No,9,25.52,2299.86,DSL,No,No,No,No,Two year,No,Mailed check
Male,0,No,Yes,36,115.46,8766.36,DSL,Yes,No,No,No,Month-to-month,Yes,Electronic check
Male,0,No,Yes,36,32.86,3634.66,No,Yes,No,Yes,Yes,Month-to-month,No,Bank transfer
Female,0,No,No,48,89.75,5431.01,DSL,Yes,No,No,Yes,One year,Yes,Mailed check
Male,0,No,No,51,70.62,2249.73,No,Yes,Yes,No,Yes,One year,Yes,Mailed check
Male,0,Yes,No,70,22.56,4465.09,Fiber optic,No,No,Yes,No,Month-to-month,Yes,Credit card
Female,0,No,Yes,68,112.47,759.66,No,Yes,No,No,Yes,One year,Yes,Electronic check
Male,0,Yes,Yes,22,105.18,409.21,Fiber optic,No,Yes,Yes,Yes,Month-to-month,No,Mailed check
Male,0,No,Yes,6,72.43,4271.73,DSL,Yes,Yes,Yes,Yes,Two year,Yes,Electronic check
Female,0,No,Yes,26,42.89,3648.07,DSL,No,Yes,Yes,No,Month-to-month,Yes,Bank transfer
Male,0,No,Yes,3,32.16,1318.23,DSL,Yes,No,No,No,Month-to-month,Yes,Bank transfer
Male,0,Yes,No,52,56.34,6219.65,No,Yes,Yes,Yes,No,Month-to-month,Yes,Electronic check
Male,0,Yes,No,60,45.54,8936.84,Fiber optic,No,No,No,No,Two year,No,Mailed check
Female,0,Yes,Yes,63,70.67,3621.26,Fiber optic,No,No,No,Yes,One year,Yes,Mailed check
Female,0,No,Yes,65,116.64,5658.57,DSL,Yes,No,No,Yes,One year,No,Bank transfer
Female,0,No,Yes,52,77.5,8670.49,DSL,Yes,No,No,Yes,One year,No,Mailed check
Male,0,No,Yes,14,108.99,7500.66,Fiber optic,Yes,Yes,Yes,Yes,Month-to-month,No,Mailed check
Male,0,No,Yes,72,85.09,4225.61,No,Yes,Yes,Yes,No,Month-to-month,Yes,Bank transfer
Female,0,Yes,No,68,67.52,6663.66,DSL,Yes,Yes,No,Yes,One year,No,Credit card
Male,0,No,No,28,105.46,1240.4,No,No,Yes,No,Yes,Two year,Yes,Bank transfer
Male,1,Yes,No,71,67.14,4657.72,DSL,No,Yes,Yes,No,Two year,Yes,Electronic check
Female,0,No,Yes,10,106.86,2583.64,DSL,Yes,No,Yes,Yes,Two year,Yes,Credit card
Female,0,Yes,Yes,57,49.16,1534.36,No,No,No,Yes,Yes,Two year,No,Electronic check
Male,0,Yes,No,66,32.88,3893.9,No,No,No,No,No,Month-to-month,Yes,Credit card
Male,0,No,No,50,105.53,1266.03,No,Yes,No,Yes,No,One year,No,Credit card
Male,0,No,Yes,14,78.74,6320.97,No,No,Yes,Yes,Yes,Two year,No,Bank transfer
Female,0,Yes,No,16,108.91,4160.54,Fiber optic,Yes,No,Yes,Yes,Month-to-month,No,Bank transfer
Female,0,No,No,54,113.78,4827.19,Fiber optic,No,No,No,Yes,Month-to-month,No,Electronic check
Female,1,No,Yes,43,25.36,1402.75,DSL,No,No,Yes,Yes,Month-to-month,Yes,Bank transfer
Female,0,Yes,No,42,70.1,1343.97,DSL,No,No,Yes,Yes,One year,Yes,Credit card
Male,0,Yes,No,22,57.5,5292.4,DSL,No,No,Yes,No,Month-to-month,Yes,Bank transfer
Female,0,Yes,No,68,82.59,8866.59,Fiber optic,No,No,No,Yes,One year,Yes,Electronic check
Female,0,Yes,Yes,19,99.36,956.63,No,Yes,Yes,No,Yes,One year,Yes,Credit card
Female,0,No,No,66,48.06,2643.01,DSL,No,Yes,Yes,Yes,One year,No,Electronic check
Female,0,Yes,No,39,75.68,7838.19,Fiber optic,Yes,No,No,Yes,One year,No,Mailed check
Female,0,Yes,No,19,90.87,743.22,DSL,No,No,No,Yes,Month-to-month,No,Bank transfer
Male,0,Yes,Yes,16,33.44,7895.38,Fiber optic,No,No,Yes,Yes,Month-to-month,Yes,Credit card
Male,0,No,Yes,54,101.41,4766.15,No,No,No,No,Yes,Month-to-month,No,Electronic check
Female,0,Yes,No,25,80.61,3733.57,Fiber optic,Yes,No,Yes,Yes,Two year,Yes,Bank transfer
Male,0,No,Yes,18,114.95,2856.16,No,No,Yes,No,Yes,Two year,No,Bank transfer
Female,1,Yes,No,23,53.95,2744.34,DSL,No,Yes,No,No,One year,No,Electronic check
Female,1,Yes,Yes,11,30.81,2821.64,No,Yes,No,Yes,No,One year,No,Credit card
Male,0,No,Yes,39,70.65,7974.75,Fiber optic,Yes,Yes,Yes,Yes,One year,Yes,Electronic check
Male,0,Yes,No,68,28.58,6541.78,DSL,Yes,No,Yes,Yes,One year,Yes,Bank transfer
Female,0,Yes,No,25,116.95,6060.53,DSL,No,No,No,Yes,One year,Yes,Electronic check
Female,0,No,No,63,23.87,7208.87,Fiber optic,No,Yes,No,Yes,Two year,Yes,Mailed check
Female,1,Yes,Yes,30,95.35,2388.32,No,No,Yes,No,Yes,One year,No,Bank transfer
Male,0,Yes,No,45,72.51,5600.58,Fiber optic,No,Yes,No,Yes,Month-to-month,Yes,Credit card
Female,0,Yes,Yes,61,56.86,4194.59,No,Yes,Yes,Yes,No,One year,Yes,Mailed check
Female,0,Yes,Yes,51,26.58,7063.73,No,Yes,No,Yes,Yes,Month-to-month,No,Electronic check
Female,0,No,No,9,82.22,2852.38,DSL,No,Yes,Yes,No,Month-to-month,No,Credit card
Male,0,Yes,Yes,2,78.52,5824.29,No,Yes,Yes,Yes,No,Month-to-month,No,Mailed check
Female,1,No,No,5,48.09,7951.69,DSL,Yes,Yes,Yes,No,Month-to-month,Yes,Electronic check
Female,0,Yes,Yes,62,111.02,3679.14,Fiber optic,Yes,No,No,No,One year,No,Mailed check
Male,0,No,No,69,50.41,692.94,Fiber optic,No,No,No,No,One year,No,Bank transfer
Female,1,Yes,Yes,52,64.97,4692.85,DSL,Yes,No,Yes,No,One year,Yes,Credit card
Female,0,No,Yes,5,74.38,3179.16,DSL,No,Yes,No,No,One year,No,Mailed check
Male,0,Yes,No,59,30.02,6082.81,No,No,Yes,No,No,One year,Yes,Bank transfer
Female,0,No,Yes,68,113.22,8564.19,DSL,No,Yes,No,No,Two year,Yes,Electronic check
Male,0,No,No,9,57.45,4421.91,Fiber optic,Yes,No,Yes,Yes,Month-to-month,Yes,Bank transfer
Male,1,Yes,Yes,22,28.08,4249.09,DSL,Yes,Yes,No,Yes,Month-to-month,No,Electronic check
Female,0,No,Yes,27,58.73,5925.8,DSL,Yes,Yes,Yes,No,Two year,No,Credit card
Female,1,Yes,Yes,10,80.02,1021.13,DSL,Yes,No,No,No,Two year,No,Bank transfer
Female,0,Yes,No,61,71.37,2356.21,No,No,Yes,No,No,One year,Yes,Bank transfer
Female,1,Yes,No,51,89.45,8278.92,DSL,No,Yes,Yes,Yes,One year,No,Electronic check
Male,0,Yes,No,10,25.55,6062.49,No,No,Yes,Yes,Yes,Month-to-month,Yes,Mailed check
Female,0,Yes,No,6,48.45,219.65,No,Yes,Yes,Yes,No,One year,No,Electronic check
Male,0,No,No,62,101.92,1921.17,DSL,Yes,No,Yes,No,Month-to-month,Yes,Mailed check
Female,1,Yes,Yes,5,27.99,6177.25,No,Yes,No,No,No,One year,Yes,Electronic check
Female,0,Yes,Yes,70,105.55,6903.15,DSL,No,No,Yes,No,One year,Yes,Credit card
Female,0,Yes,No,63,29.19,7574.75,Fiber optic,No,Yes,Yes,No,Month-to-month,Yes,Mailed check
Male,0,Yes,Yes,56,103.45,2700.37,Fiber optic,Yes,Yes,No,No,Two year,Yes,Bank transfer
Female,0,Yes,Yes,59,56.08,8386.15,No,No,No,No,Yes,Two year,Yes,Mailed check
Female,1,Yes,Yes,63,81.22,5021.23,Fiber optic,No,Yes,No,Yes,One year,Yes,Electronic check
Female,0,No,Yes,59,35.29,6299.2,DSL,Yes,No,Yes,Yes,Two year,Yes,Electronic check
Female,0,No,No,51,26.62,5410.98,No,Yes,No,Yes,No,One year,Yes,Mailed check
Male,0,Yes,Yes,50,41.59,1192.39,DSL,No,Yes,No,No,Two year,Yes,Bank transfer
Female,0,No,No,4,32.79,8671.72,No,Yes,No,No,Yes,Two year,Yes,Credit card
Male,0,Yes,No,48,51.24,1193.59,No,No,No,No,Yes,Month-to-month,Yes,Bank transfer
Male,0,Yes,Yes,32,71.44,2368.45,No,Yes,No,Yes,No,Two year,No,Mailed check
Male,0,Yes,No,51,78.88,7341.29,No,No,No,No,Yes,One year,No,Electronic check
Male,0,Yes,Yes,52,98.99,5605.51,Fiber optic,Yes,No,Yes,Yes,Month-to-month,Yes,Bank transfer
Male,0,Yes,Yes,34,85.62,7559.53,Fiber optic,Yes,No,Yes,Yes,Two year,No,Electronic check
Male,0,No,Yes,36,80.88,4690.05,Fiber optic,Yes,Yes,No,Yes,Month-to-month,Yes,Electronic check
Female,0,No,No,70,61.18,3455.24,No,No,No,Yes,No,Two year,No,Bank transfer
Male,0,No,No,43,67.38,8304.42,Fiber optic,No,No,Yes,No,One year,Yes,Mailed check
Male,0,No,No,16,61.45,422.65,No,Yes,Yes,Yes,No,One year,No,Bank transfer
Male,1,Yes,Yes,59,104.22,7719.56,Fiber optic,No,Yes,Yes,No,Month-to-month,Yes,Credit card
Female,1,No,Yes,53,43.0,2154.28,No,No,No,Yes,Yes,Two year,No,Electronic check
Female,0,Yes,Yes,19,20.57,7653.75,Fiber optic,Yes,Yes,Yes,Yes,Two year,Yes,Electronic check
Male,0,No,No,41,85.13,1338.85,Fiber optic,Yes,Yes,No,Yes,Month-to-month,No,Mailed check
Female,1,No,Yes,47,40.25,5263.95,Fiber optic,Yes,No,Yes,No,Month-to-month,No,Electronic check
Male,0,No,Yes,54,109.01,8004.16,No,No,Yes,No,No,One year,No,Electronic check
Male,0,No,No,55,105.9,4314.5,No,Yes,No,Yes,No,Month-to-month,Yes,Electronic check
Female,0,Yes,No,19,27.67,6744.44,Fiber optic,No,No,No,No,Two year,No,Bank transfer
Male,0,No,No,62,30.64,7261.58,No,No,No,No,Yes,Month-to-month,No,Electronic check
Female,0,No,Yes,59,69.52,6654.8,DSL,No,No,No,No,One year,Yes,Bank transfer
Female,0,Yes,Yes,65,80.92,8335.43,Fiber optic,Yes,Yes,Yes,Yes,Month-to-month,Yes,Mailed check
Male,1,Yes,Yes,68,47.49,4076.82,Fiber optic,Yes,No,Yes,Yes,Two year,No,Credit card
Male,1,No,No,28,91.68,1640.82,DSL,No,Yes,Yes,Yes,Month-to-month,Yes,Electronic check
Female,0,Yes,No,18,79.49,525.52,No,No,Yes,Yes,No,Month-to-month,No,Credit card
Male,0,Yes,No,26,52.48,2293.49,No,Yes,No,Yes,No,Month-to-month,No,Bank transfer
Male,0,Yes,No,19,22.54,1374.46,No,Yes,No,Yes,Yes,One year,Yes,Mailed check
Male,0,No,Yes,55,95.02,5065.74,Fiber optic,Yes,Yes,No,Yes,One year,No,Mailed check
Female,0,Yes,Yes,57,41.48,1746.01,Fiber optic,Yes,No,Yes,No,One year,No,Bank transfer
Female,0,No,Yes,6,103.45,446.51,Fiber optic,Yes,No,Yes,No,One year,Yes,Credit card
Male,1,No,Yes,1,62.03,420.31,Fiber optic,Yes,No,Yes,No,Two year,Yes,Electronic check
Female,0,No,Yes,8,77.71,7500.97,Fiber optic,Yes,Yes,No,No,Two year,No,Bank transfer
Female,0,No,Yes,51,107.29,5363.9,No,Yes,Yes,No,Yes,One year,No,Bank transfer
Female,1,Yes,Yes,25,106.36,3286.96,DSL,Yes,Yes,No,Yes,One year,No,Bank transfer
Female,0,No,Yes,47,57.15,8058.63,No,No,Yes,No,Yes,One year,Yes,Bank transfer
Female,0,Yes,No,55,40.89,724.75,No,Yes,No,Yes,Yes,Month-to-month,No,Bank transfer
Male,0,No,No,64,97.51,8824.87,Fiber optic,Yes,No,Yes,Yes,Two year,No,Mailed check
Male,0,Yes,Yes,10,63.31,5585.0,DSL,No,Yes,No,Yes,Month-to-month,No,Bank transfer
Male,0,No,No,56,39.2,1732.83,DSL,Yes,Yes,No,No,One year,Yes,Mailed check
Female,0,No,Yes,57,24.67,5283.1,DSL,Yes,Yes,Yes,No,Month-to-month,No,Bank transfer
Male,0,No,Yes,42,114.52,8883.44,No,No,Yes,Yes,Yes,Month-to-month,Yes,Electronic check
Male,0,Yes,No,47,51.37,7993.7,No,Yes,Yes,Yes,Yes,Two year,No,Bank transfer
Male,0,No,No,61,64.26,3756.5,No,No,Yes,No,Yes,Two year,Yes,Credit card
Male,0,No,No,14,31.46,3407.11,Fiber optic,Yes,Yes,No,Yes,Two year,Yes,Bank transfer
Female,0,Yes,No,68,103.69,2741.98,DSL,Yes,No,No,Yes,One year,Yes,Electronic check
Female,0,Yes,No,53,22.76,1456.42,DSL,No,Yes,Yes,No,Month-to-month,Yes,Electronic check
Female,0,No,No,34,103.4,1328.94,DSL,Yes,Yes,No,Yes,One year,Yes,Mailed check
Male,0,Yes,Yes,24,34.03,1277.33,No,No,No,Yes,Yes,Month-to-month,Yes,Credit card
Female,0,No,No,20,108.66,1115.62,No,Yes,No,Yes,Yes,Month-to-month,Yes,Credit card
Male,1,Yes,No,69,92.98,2240.56,Fiber optic,Yes,Yes,No,No,Two year,Yes,Bank transfer
Female,0,Yes,No,30,36.47,2829.35,No,Yes,Yes,Yes,Yes,Month-to-month,Yes,Credit card
Female,0,No,Yes,7,76.58,8658.05,DSL,Yes,No,No,Yes,One year,Yes,Electronic check
Female,0,No,Yes,36,51.27,5248.41,Fiber optic,Yes,Yes,No,No,Two year,Yes,Bank transfer
Male,1,No,Yes,38,37.82,8889.6,No,Yes,No,No,No,One year,Yes,Mailed check
Female,0,Yes,Yes,52,105.92,3414.96,No,Yes,Yes,Yes,Yes,One year,No,Bank transfer
Female,0,No,No,15,60.35,4172.88,DSL,Yes,Yes,Yes,No,Two year,Yes,Bank transfer
Male,0,No,Yes,46,59.85,2988.75,Fiber optic,No,Yes,Yes,Yes,Month-to-month,No,Mailed check
Female,0,No,No,23,36.99,1727.7,No,No,Yes,No,Yes,One year,No,Bank transfer
Male,0,No,No,12,58.31,1374.17,No,No,No,Yes,No,Month-to-month,Yes,Credit card
Female,0,No,No,44,107.16,8511.2,Fiber optic,Yes,No,No,Yes,Two year,No,Bank transfer
Male,0,Yes,No,15,56.31,8882.62,Fiber optic,No,Yes,Yes,No,Month-to-month,Yes,Bank transfer
Male,0,No,No,49,115.16,499.69,No,No,Yes,No,No,Month-to-month,Yes,Bank transfer
Female,0,No,No,21,114.63,1438.08,No,Yes,Yes,No,No,Two year,No,Electronic check
Male,0,Yes,Yes,15,34.49,3869.36,DSL,No,Yes,Yes,No,Month-to-month,No,Electronic check
Male,0,No,Yes,14,37.73,1758.37,Fiber optic,Yes,No,Yes,Yes,One year,No,Credit card
Male,0,No,Yes,42,106.27,3338.54,No,No,No,No,Yes,One year,Yes,Mailed check
Male,1,No,Yes,15,59.28,1248.96,No,No,Yes,No,Yes,One year,No,Electronic check
Male,0,No,Yes,63,20.44,4162.95,No,No,No,Yes,No,Month-to-month,No,Electronic check
Male,0,No,No,68,47.39,2518.08,No,No,No,No,Yes,One year,No,Credit card
Female,0,Yes,Yes,27,79.76,3231.95,DSL,No,Yes,Yes,No,Month-to-month,Yes,Credit card
Male,0,Yes,Yes,53,99.93,939.38,Fiber optic,Yes,Yes,Yes,Yes,Month-to-month,Yes,Mailed check
Male,0,Yes,Yes,52,33.34,3910.34,No,No,Yes,No,No,Month-to-month,No,Bank transfer
Female,0,No,No,63,31.05,8850.99,Fiber optic,Yes,No,Yes,Yes,Month-to-month,No,Bank transfer
Female,0,Yes,No,53,112.21,3026.61,Fiber optic,No,No,No,Yes,Two year,No,Mailed check
Female,0,No,No,57,95.11,7900.22,No,Yes,No,Yes,No,One year,No,Mailed check
Female,0,No,Yes,52,78.98,7604.47,No,No,No,No,Yes,One year,No,Mailed check
Female,0,No,Yes,43,96.92,8573.32,No,No,Yes,Yes,No,Month-to-month,No,Credit card
Female,0,Yes,Yes,7,62.89,7131.97,DSL,No,Yes,Yes,No,Two year,No,Bank transfer
Female,0,Yes,Yes,42,95.85,5970.41,No,No,Yes,No,Yes,Month-to-month,Yes,Mailed check
Male,0,Yes,Yes,4,57.18,7723.6,Fiber optic,No,No,Yes,Yes,One year,No,Mailed check
Male,0,No,No,69,44.41,773.24,Fiber optic,Yes,Yes,No,Yes,One year,No,Bank transfer
Female,0,Yes,Yes,5,92.9,4219.19,DSL,No,Yes,No,No,Two year,Yes,Bank transfer
Male,0,No,No,41,61.97,8904.38,No,No,No,No,No,Month-to-month,No,Credit card
Male,0,Yes,Yes,4,118.14,6949.44,No,Yes,Yes,No,No,Two year,Yes,Electronic check
Male,0,Yes,No,2,54.95,8662.47,DSL,No,No,No,No,Month-to-month,No,Electronic check
Female,0,No,No,67,112.17,7038.75,DSL,No,No,Yes,No,Two year,Yes,Credit card
Female,1,No,No,21,113.3,7886.45,No,No,Yes,Yes,No,One year,No,Credit card
Male,0,Yes,No,70,44.19,6388.11,No,No,Yes,Yes,No,Two year,No,Bank transfer
Female,0,Yes,Yes,43,99.82,6868.47,Fiber optic,No,No,Yes,No,One year,Yes,Credit card
Male,0,Yes,Yes,69,63.31,4756.28,No,Yes,Yes,Yes,No,One year,Yes,Credit card
Male,0,No,Yes,9,111.75,8325.72,No,No,Yes,Yes,Yes,Month-to-month,Yes,Mailed check
Male,0,No,No,28,65.01,7442.85,Fiber optic,Yes,No,Yes,No,Two year,No,Credit card
Male,0,Yes,Yes,26,94.43,7610.58,Fiber optic,No,Yes,No,No,Two year,No,Credit card
Female,1,Yes,Yes,3,66.7,6089.78,Fiber optic,No,No,No,Yes,Two year,No,Mailed check
Female,0,No,Yes,49,42.78,2810.76,Fiber optic,Yes,No,No,Yes,Two year,No,Bank transfer
Female,0,Yes,Yes,17,39.94,417.11,DSL,No,No,Yes,No,Month-to-month,No,Bank transfer
Male,0,No,No,63,62.54,8427.33,Fiber optic,No,No,No,Yes,Month-to-month,Yes,Credit card
Female,0,No,No,55,95.55,5316.47,DSL,Yes,Yes,Yes,Yes,Month-to-month,No,Credit card
Male,0,No,Yes,23,80.51,2753.47,Fiber optic,No,Yes,Yes,No,One year,Yes,Electronic check
Female,0,No,Yes,34,88.86,1427.3,Fiber optic,No,Yes,Yes,No,One year,Yes,Mailed check
Male,0,No,Yes,69,48.23,7482.76,Fiber optic,Yes,No,No,Yes,One year,No,Electronic check
Male,0,No,No,15,68.14,7545.03,No,Yes,Yes,No,No,Month-to-month,No,Credit card
Male,0,Yes,No,47,24.44,7349.12,DSL,No,No,No,Yes,One year,Yes,Electronic check
Female,0,No,No,3,101.75,5841.24,Fiber optic,No,No,Yes,No,Two year,No,Electronic check
Female,0,No,Yes,28,118.99,3357.54,No,No,Yes,Yes,No,One year,Yes,Bank transfer
Female,0,Yes,No,3,60.69,2806.23,DSL,Yes,Yes,Yes,Yes,Month-to-month,No,Mailed check
Female,0,No,No,4,21.1,176.14,DSL,Yes,No,Yes,Yes,Month-to-month,Yes,Bank transfer
Male,0,Yes,No,31,36.98,7519.11,No,No,No,No,Yes,Month-to-month,No,Bank transfer
Female,0,No,No,45,85.25,878.15,DSL,No,No,No,Yes,Month-to-month,No,Electronic check
Female,1,Yes,No,59,81.21,5713.72,No,No,No,No,Yes,Two year,No,Mailed check
Male,0,Yes,Yes,45,98.79,4586.27,Fiber optic,Yes,Yes,No,No,One year,Yes,Credit card
Male,0,No,Yes,37,45.39,4787.54,No,Yes,Yes,Yes,No,One year,No,Mailed check
Male,1,No,Yes,65,96.36,8347.74,DSL,Yes,Yes,Yes,Yes,Month-to-month,Yes,Bank transfer
Female,0,No,Yes,9,88.8,381.37,DSL,No,No,No,Yes,One year,No,Electronic check
Male,0,No,No,17,52.28,6983.19,Fiber optic,No,No,Yes,Yes,Two year,No,Credit card
Male,0,Yes,Yes,65,74.55,563.27,No,No,Yes,Yes,No,Month-to-month,Yes,Bank transfer
Male,0,Yes,Yes,3,34.73,439.57,Fiber optic,Yes,Yes,No,No,One year,Yes,Electronic check
Female,0,Yes,Yes,26,65.26,3925.38,No,No,Yes,No,Yes,One year,Yes,Bank transfer
Male,0,No,No,53,108.12,661.37,No,Yes,No,Yes,No,One year,No,Electronic check
Female,0,Yes,Yes,31,62.12,7123.38,No,No,No,No,No,One year,No,Mailed check
Female,0,No,No,26,103.96,4813.11,Fiber optic,Yes,No,No,Yes,Month-to-month,No,Bank transfer
Male,0,No,No,23,79.03,358.45,Fiber optic,No,Yes,No,Yes,Month-to-month,No,Mailed check
Male,0,Yes,No,30,39.19,460.46,DSL,No,Yes,No,No,Two year,No,Mailed check
Female,0,No,Yes,10,78.11,5552.75,Fiber optic,Yes,Yes,No,No,Month-to-month,No,Electronic check
Male,0,Yes,No,72,70.6,7274.4,No,No,Yes,No,No,One year,No,Credit card
Male,1,No,Yes,64,59.86,3996.42,No,Yes,Yes,No,No,One year,Yes,Mailed check
Female,1,Yes,Yes,22,31.96,5035.77,No,No,Yes,No,No,One year,No,Bank transfer
Female,0,No,Yes,15,61.67,7218.48,Fiber optic,No,No,No,Yes,Two year,Yes,Bank transfer
Male,1,Yes,No,56,27.28,5533.5,DSL,No,Yes,Yes,No,Month-to-month,No,Electronic check
Female,0,Yes,No,20,29.88,2100.37,Fiber optic,Yes,Yes,No,Yes,Month-to-month,Yes,Mailed check
Male,1,No,Yes,47,61.59,5556.16,DSL,No,No,No,Yes,Month-to-month,Yes,Credit card
Male,0,No,No,53,50.54,5691.69,Fiber optic,Yes,No,No,No,One year,Yes,Credit card
Male,0,Yes,No,53,112.55,6633.55,No,No,No,Yes,Yes,One year,No,Bank transfer
Female,0,No,No,1,57.57,5625.78,DSL,No,No,No,No,One year,Yes,Electronic check
Male,0,No,Yes,2,95.79,8726.25,Fiber optic,Yes,No,No,Yes,Two year,Yes,Mailed check
Male,0,No,No,58,73.02,1855.87,No,No,No,Yes,No,Two year,Yes,Bank transfer
Male,0,Yes,No,19,90.41,8564.71,DSL,No,Yes,Yes,Yes,One year,Yes,Electronic check
Female,0,Yes,Yes,62,46.01,4891.22,DSL,Yes,Yes,No,No,Two year,No,Credit card
Female,0,No,No,72,114.19,6080.41,No,Yes,Yes,Yes,No,Two year,No,Bank transfer
Female,0,No,Yes,12,73.01,985.21,No,No,Yes,Yes,Yes,Two year,No,Electronic check
Female,0,Yes,No,26,103.13,3487.13,Fiber optic,Yes,No,Yes,Yes,Month-to-month,No,Credit card
Female,0,No,No,27,56.5,6947.47,Fiber optic,Yes,No,Yes,Yes,Two year,Yes,Electronic check
Male,0,Yes,No,29,30.02,6391.51,No,No,Yes,Yes,No,One year,No,Bank transfer
Female,0,No,No,15,87.37,457.24,Fiber optic,Yes,No,No,Yes,Month-to-month,Yes,Mailed check
Female,0,No,No,46,20.78,4964.69,No,Yes,No,Yes,Yes,Two year,No,Electronic check
Female,0,No,No,1,67.53,885.68,No,No,Yes,No,No,One year,Yes,Mailed check
Male,1,Yes,Yes,60,39.28,8963.12,Fiber optic,Yes,Yes,No,No,Two year,Yes,Bank transfer
Female,0,Yes,No,57,82.74,8085.94,Fiber optic,Yes,Yes,No,Yes,One year,Yes,Credit card
Female,0,Yes,No,3,117.94,287.62,DSL,No,Yes,Yes,Yes,One year,Yes,Electronic check
Male,1,Yes,No,18,66.44,7741.98,DSL,No,Yes,No,No,Two year,No,Credit card
Female,0,No,Yes,52,101.75,8282.92,Fiber optic,Yes,Yes,Yes,No,Two year,No,Mailed check
Male,0,No,Yes,60,70.78,3246.58,Fiber optic,No,Yes,No,No,Month-to-month,Yes,Mailed check
Male,0,Yes,Yes,34,69.58,6503.56,Fiber optic,Yes,Yes,No,Yes,Two year,Yes,Credit card
Male,0,No,No,60,113.04,4034.72,DSL,Yes,No,No,Yes,One year,No,Bank transfer
Male,0,No,No,26,109.0,5931.57,Fiber optic,Yes,Yes,Yes,No,Month-to-month,No,Mailed check
Male,0,Yes,Yes,72,98.58,3128.82,DSL,Yes,No,No,No,One year,No,Bank transfer
Female,0,No,Yes,19,49.63,2970.78,DSL,No,Yes,Yes,No,One year,Yes,Credit card
Male,1,No,Yes,22,74.5,3877.46,DSL,No,No,Yes,Yes,Two year,Yes,Bank transfer
Male,0,Yes,No,33,42.39,1395.55,DSL,Yes,Yes,Yes,Yes,One year,Yes,Mailed check
Female,0,No,Yes,38,64.39,7497.14,No,No,Yes,No,Yes,Two year,Yes,Credit card
Male,0,No,No,35,68.42,3203.41,Fiber optic,Yes,Yes,No,Yes,One year,No,Bank transfer
Female,0,No,No,67,103.16,3661.33,Fiber optic,Yes,Yes,No,No,Month-to-month,Yes,Bank transfer
Female,0,Yes,No,10,109.6,8057.09,No,No,Yes,No,No,Two year,No,Electronic check
Female,0,Yes,Yes,15,61.46,4519.95,Fiber optic,No,No,Yes,Yes,Month-to-month,Yes,Mailed check
Male,0,No,No,11,21.77,4943.86,DSL,Yes,Yes,No,No,Two year,No,Electronic check
Male,0,No,Yes,24,106.18,8612.83,No,No,Yes,Yes,No,Month-to-month,Yes,Bank transfer
Male,0,No,Yes,4,37.43,7991.86,DSL,Yes,Yes,Yes,Yes,Two year,No,Mailed check
Female,0,Yes,Yes,13,82.19,1608.25,No,No,No,No,No,Month-to-month,No,Credit card
Male,0,Yes,Yes,57,22.5,4311.61,DSL,No,No,No,Yes,Month-to-month,Yes,Credit card
Male,0,Yes,No,37,59.95,8744.54,Fiber optic,Yes,No,Yes,Yes,Two year,No,Credit card
Male,0,No,No,48,118.6,3414.06,Fiber optic,No,No,Yes,Yes,Two year,No,Bank transfer
Female,0,No,No,71,30.07,3407.0,Fiber optic,No,No,No,No,One year,No,Bank transfer
Female,0,No,No,1,62.37,1835.77,No,Yes,No,No,Yes,One year,Yes,Credit card
Male,0,No,Yes,60,50.71,1117.48,Fiber optic,Yes,Yes,No,No,Two year,Yes,Electronic check
Male,1,No,Yes,12,110.51,6688.71,No,Yes,Yes,Yes,No,Two year,Yes,Electronic check
Male,0,Yes,Yes,21,106.93,6953.27,DSL,Yes,Yes,Yes,Yes,Month-to-month,Yes,Mailed check
Male,1,No,Yes,11,43.77,8724.22,Fiber optic,Yes,No,No,Yes,Month-to-month,No,Mailed check
Female,0,No,No,44,28.12,6983.42,DSL,Yes,Yes,Yes,Yes,One year,No,Credit card
Female,1,No,Yes,58,82.71,2265.84,Fiber optic,No,Yes,Yes,Yes,One year,Yes,Bank transfer
Female,0,Yes,No,44,53.64,457.04,DSL,Yes,No,Yes,Yes,One year,No,Bank transfer
Female,1,No,Yes,34,87.21,8870.39,No,Yes,Yes,Yes,No,Month-to-month,Yes,Mailed check
Male,1,Yes,Yes,25,23.21,3130.01,Fiber optic,Yes,Yes,No,No,Month-to-month,Yes,Credit card
Male,0,Yes,Yes,4,33.34,2876.55,No,No,Yes,Yes,No,Month-to-month,No,Mailed check
Male,1,Yes,Yes,64,88.64,8163.0,No,Yes,No,No,Yes,One year,Yes,Electronic check
Female,0,Yes,No,16,41.24,5307.39,DSL,Yes,No,No,Yes,Two year,No,Credit card
Male,0,Yes,No,10,105.76,2012.35,Fiber optic,No,Yes,Yes,No,One year,Yes,Credit card
Female,0,No,No,66,25.86,8012.96,No,No,Yes,No,Yes,Month-to-month,Yes,Credit card
Female,0,No,No,35,41.55,8940.91,DSL,Yes,No,No,No,One year,Yes,Electronic check
Male,0,Yes,Yes,6,119.86,871.44,DSL,No,No,No,No,One year,No,Credit card
Male,0,Yes,Yes,19,63.31,7774.04,DSL,No,No,Yes,No,One year,Yes,Mailed check
Male,1,Yes,No,59,90.3,3575.59,Fiber optic,Yes,No,No,Yes,One year,No,Electronic check
Female,0,No,No,53,38.27,4764.24,Fiber optic,Yes,Yes,Yes,Yes,Month-to-month,Yes,Bank transfer
Male,0,No,Yes,8,80.99,8241.86,DSL,Yes,No,No,No,One year,Yes,Mailed check
Female,1,Yes,Yes,10,92.61,8763.07,Fiber optic,No,Yes,No,Yes,Month-to-month,No,Mailed check
Male,1,No,No,67,51.45,2433.26,DSL,Yes,No,No,Yes,One year,No,Mailed check
Female,1,No,No,38,102.89,1994.37,Fiber optic,No,Yes,No,Yes,Month-to-month,No,Electronic check
Female,0,Yes,No,29,80.34,816.6,Fiber optic,Yes,No,Yes,No,Two year,No,Mailed check
Male,1,Yes,Yes,15,58.91,5100.0,DSL,No,No,No,No,Month-to-month,No,Electronic check
Female,0,No,No,23,75.76,221.08,DSL,Yes,No,No,No,Month-to-month,No,Credit card
Female,0,No,No,46,77.68,3765.89,Fiber optic,No,Yes,No,No,Two year,Yes,Bank transfer
Male,0,No,No,28,36.55,753.12,DSL,Yes,Yes,Yes,No,Two year,No,Credit card
Female,0,Yes,No,26,60.27,3706.51,DSL,Yes,Yes,Yes,Yes,Two year,Yes,Mailed check
Male,0,Yes,No,10,54.34,455.4,DSL,Yes,Yes,No,No,Two year,Yes,Electronic check
Female,0,Yes,Yes,47,60.09,7533.43,DSL,No,No,No,Yes,Two year,Yes,Electronic check
Male,0,No,No,4,96.11,1966.68,Fiber optic,No,No,No,No,Two year,No,Credit card
Male,0,No,Yes,55,68.25,3021.95,No,Yes,No,No,Yes,One year,Yes,Mailed check
Female,0,Yes,No,66,114.03,7843.43,Fiber optic,No,Yes,Yes,Yes,One year,Yes,Bank transfer
Female,0,No,No,67,49.37,6741.77,DSL,Yes,No,Yes,No,Two year,Yes,Electronic check
Female,0,Yes,No,7,61.57,2049.44,DSL,No,No,Yes,Yes,Month-to-month,No,Electronic check
Female,0,No,Yes,55,98.7,739.9,Fiber optic,Yes,No,No,Yes,Month-to-month,Yes,Mailed check
Female,0,Yes,Yes,31,74.6,6469.5,DSL,No,Yes,No,Yes,Two year,No,Electronic check
Male,0,No,Yes,19,74.7,3577.25,Fiber optic,No,Yes,No,Yes,One year,Yes,Mailed check
Female,1,No,No,28,25.33,6918.11,No,No,No,No,Yes,One year,No,Mailed check
Male,0,Yes,No,28,59.86,4063.12,DSL,No,Yes,Yes,Yes,Month-to-month,No,Bank transfer
Male,0,Yes,Yes,19,47.07,3179.42,No,No,Yes,Yes,No,Two year,Yes,Mailed check
Female,0,Yes,Yes,20,119.93,4115.73,No,Yes,No,Yes,Yes,One year,Yes,Credit card
Male,0,Yes,No,13,50.84,6762.17,DSL,No,No,No,No,Two year,No,Bank transfer
Male,0,Yes,Yes,43,108.45,8129.76,DSL,No,Yes,No,Yes,Two year,No,Mailed check
Male,0,No,No,11,87.62,542.93,Fiber optic,No,Yes,No,Yes,Month-to-month,No,Mailed check
Male,0,Yes,Yes,48,54.09,4764.59,Fiber optic,No,No,No,Yes,Two year,Yes,Bank transfer
Female,0,Yes,Yes,15,74.35,392.24,DSL,Yes,No,No,Yes,Two year,Yes,Electronic check
Male,0,Yes,Yes,17,104.05,4268.84,Fiber optic,No,No,Yes,Yes,Month-to-month,Yes,Bank transfer
Female,0,Yes,No,54,108.34,7979.02,No,No,No,No,Yes,One year,Yes,Electronic check
Female,0,Yes,No,50,36.04,3318.15,No,Yes,No,No,Yes,Two year,Yes,Bank transfer
Male,0,No,Yes,28,53.96,8398.81,DSL,Yes,No,Yes,Yes,Month-to-month,No,Bank transfer
Female,0,Yes,No,4,53.52,5712.42,Fiber optic,No,No,Yes,No,One year,No,Credit card
Female,0,Yes,No,22,24.2,8413.98,DSL,Yes,Yes,No,No,Two year,No,Bank transfer
Female,1,Yes,No,39,79.82,6838.78,No,No,Yes,Yes,No,One year,No,Credit card
Male,1,No,No,34,105.48,1020.57,DSL,No,No,No,No,Month-to-month,No,Mailed check
Female,0,No,Yes,44,58.16,2157.25,DSL,Yes,Yes,No,Yes,Two year,No,Electronic check
Female,0,Yes,No,42,94.0,3608.12,DSL,No,Yes,Yes,Yes,Month-to-month,Yes,Electronic check
Female,0,Yes,No,40,82.77,1613.95,DSL,Yes,No,No,Yes,Month-to-month,No,Credit card
Male,0,No,Yes,12,57.56,4504.71,No,Yes,No,No,No,Two year,Yes,Electronic check
Female,0,No,No,2,34.11,4295.18,DSL,No,No,No,No,Month-to-month,Yes,Electronic check
Male,1,No,No,28,90.93,8610.71,DSL,No,Yes,Yes,No,One year,Yes,Bank transfer
Male,1,Yes,No,67,105.46,3960.18,Fiber optic,Yes,No,Yes,Yes,Month-to-month,Yes,Credit card
Male,0,Yes,Yes,71,88.59,7092.08,DSL,No,No,Yes,Yes,Two year,No,Electronic check
Male,0,No,Yes,72,21.79,8483.0,Fiber optic,Yes,Yes,Yes,No,Two year,No,Mailed check
Male,0,Yes,No,10,41.62,7905.2,DSL,Yes,No,No,Yes,One year,Yes,Credit card
Male,0,No,No,57,26.95,1957.14,Fiber optic,Yes,Yes,Yes,Yes,Two year,Yes,Bank transfer
Female,0,No,Yes,37,77.04,4514.67,DSL,Yes,Yes,No,Yes,Month-to-month,No,Mailed check
Male,0,No,Yes,64,95.65,3194.88,Fiber optic,No,No,Yes,No,Month-to-month,No,Electronic check
Female,0,Yes,Yes,40,31.06,3658.74,DSL,No,No,Yes,Yes,Two year,No,Electronic check
Female,0,No,No,60,103.83,3311.18,DSL,No,No,No,No,One year,Yes,Credit card
Male,0,No,No,48,75.55,7454.6,Fiber optic,No,Yes,Yes,No,One year,No,Electronic check
Female,1,Yes,Yes,19,89.0,4124.04,DSL,No,No,Yes,Yes,Two year,No,Credit card
Female,0,No,No,72,117.14,4760.88,DSL,No,Yes,No,Yes,Month-to-month,Yes,Electronic check
Female,0,Yes,No,33,28.37,8843.78,DSL,Yes,No,Yes,Yes,Two year,Yes,Mailed check
Female,0,No,No,44,110.12,633.82,DSL,No,No,No,No,Two year,No,Bank transfer
Male,0,Yes,No,37,32.61,4442.82,No,Yes,No,Yes,No,One year,Yes,Mailed check
Female,0,No,No,36,59.3,6989.15,DSL,Yes,No,No,Yes,Month-to-month,Yes,Bank transfer
Male,0,No,No,21,105.14,1445.34,No,Yes,Yes,Yes,Yes,One year,Yes,Credit card
Female,1,No,No,2,110.63,5542.63,No,No,No,No,No,One year,Yes,Electronic check
Female,0,No,Yes,31,70.64,2231.24,DSL,Yes,No,Yes,No,Month-to-month,Yes,Mailed check
Male,1,No,Yes,30,79.41,7819.9,Fiber optic,No,No,No,No,Month-to-month,No,Electronic check
Female,0,Yes,Yes,44,90.81,3011.19,Fiber optic,Yes,No,Yes,No,Month-to-month,No,Credit card
Female,0,Yes,Yes,12,103.28,3028.66,DSL,No,Yes,Yes,No,Two year,No,Bank transfer
Female,0,No,Yes,51,32.15,5423.93,No,No,Yes,Yes,Yes,Month-to-month,No,Mailed check
Male,0,No,Yes,49,101.01,1733.71,Fiber optic,No,No,No,No,Two year,No,Bank transfer
Female,0,No,Yes,24,68.13,2635.51,DSL,No,Yes,No,No,One year,Yes,Bank transfer
Male,0,Yes,Yes,24,65.06,3808.02,DSL,No,No,Yes,Yes,Month-to-month,No,Credit card
Female,0,Yes,Yes,60,62.39,3247.38,No,Yes,Yes,Yes,No,Two year,No,Bank transfer
Male,1,No,No,11,70.92,4771.41,Fiber optic,No,No,Yes,No,Two year,Yes,Credit card
Male,1,Yes,No,13,114.51,5436.8,DSL,No,Yes,Yes,Yes,Two year,No,Bank transfer
Female,1,No,Yes,72,74.82,5143.34,Fiber optic,Yes,Yes,Yes,No,Two year,No,Bank transfer
Female,0,No,No,72,115.32,5922.1,DSL,No,Yes,Yes,Yes,One year,No,Mailed check
Male,0,No,No,64,38.03,2838.97,DSL,No,Yes,Yes,No,Month-to-month,No,Credit card
Male,0,Yes,Yes,20,92.41,1225.19,DSL,No,Yes,Yes,No,Month-to-month,Yes,Electronic check
Female,0,No,Yes,72,101.22,6871.19,No,No,No,Yes,Yes,Month-to-month,Yes,Electronic check
Male,0,No,Yes,71,87.91,7671.95,No,No,Yes,Yes,No,Month-to-month,Yes,Electronic check
Female,0,No,No,28,80.69,2387.36,No,Yes,No,No,No,Month-to-month,Yes,Mailed check
Female,0,Yes,No,2,76.48,3723.12,Fiber optic,No,No,No,Yes,Month-to-month,No,Mailed check
Female,0,Yes,Yes,43,106.09,4537.27,No,Yes,No,Yes,No,Two year,No,Bank transfer
Female,1,Yes,No,8,102.16,4846.61,No,No,No,Yes,No,Month-to-month,No,Bank transfer
Male,0,No,No,13,32.23,5969.46,Fiber optic,Yes,No,Yes,No,Two year,No,Electronic check
Female,0,Yes,No,35,104.86,470.27,Fiber optic,Yes,No,No,No,One year,No,Bank transfer
Male,0,No,Yes,23,61.41,6521.15,Fiber optic,Yes,No,No,No,Two year,No,Bank transfer
Female,1,Yes,No,46,45.37,651.54,Fiber optic,No,No,Yes,Yes,One year,No,Mailed check
Male,0,No,No,15,106.98,4267.77,No,No,No,Yes,No,Month-to-month,Yes,Electronic check
Female,0,Yes,No,2,63.2,7466.27,No,Yes,No,Yes,No,One year,Yes,Credit card
Male,0,No,No,61,100.84,4115.82,Fiber optic,No,No,No,Yes,One year,Yes,Electronic check
Male,0,Yes,No,64,46.34,1426.9,No,No,Yes,No,Yes,Two year,Yes,Mailed check
Female,0,Yes,No,52,20.39,8866.8,DSL,Yes,No,No,Yes,Two year,Yes,Electronic check
Female,0,Yes,No,36,69.55,8014.64,No,No,No,No,Yes,One year,Yes,Credit card
Female,0,No,Yes,67,30.02,6964.69,DSL,Yes,No,Yes,No,One year,Yes,Bank transfer
Female,0,Yes,Yes,69,95.44,3762.45,Fiber optic,No,Yes,Yes,No,Month-to-month,No,Electronic check
Male,0,Yes,No,67,47.61,1736.23,Fiber optic,Yes,Yes,Yes,No,Two year,No,Mailed check
Female,1,Yes,Yes,47,64.36,8478.56,No,No,No,Yes,No,One year,No,Mailed check
Male,0,Yes,No,2,28.7,4837.93,Fiber optic,No,Yes,Yes,No,Two year,No,Electronic check
Male,0,No,No,44,48.67,7685.96,No,Yes,Yes,No,No,Month-to-month,Yes,Bank transfer
Female,0,Yes,No,64,98.15,3144.65,No,Yes,No,Yes,No,Month-to-month,Yes,Bank transfer
Male,0,No,Yes,28,35.16,3084.07,No,No,No,Yes,Yes,One year,Yes,Mailed check
Male,0,No,No,54,84.72,8871.31,No,Yes,Yes,No,No,Month-to-month,Yes,Mailed check
Male,0,No,No,67,111.74,4744.31,DSL,Yes,Yes,Yes,Yes,One year,No,Credit card
Male,0,No,Yes,36,87.98,1352.19,DSL,Yes,No,Yes,Yes,Two year,No,Bank transfer
Female,0,Yes,Yes,63,101.1,2055.1,Fiber optic,Yes,No,Yes,Yes,Two year,No,Electronic check
Female,0,No,No,25,30.9,4389.3,DSL,Yes,No,No,No,One year,No,Mailed check
Female,0,No,Yes,48,45.07,477.99,Fiber optic,No,No,Yes,No,One year,Yes,Mailed check
Female,1,No,Yes,39,109.45,4216.55,Fiber optic,Yes,No,No,Yes,One year,Yes,Mailed check
Male,0,No,No,47,91.51,3828.57,No,Yes,No,No,No,Two year,No,Mailed check
Male,0,Yes,No,21,83.96,7036.09,No,Yes,Yes,No,No,Two year,No,Bank transfer
Female,0,Yes,No,30,86.38,3258.98,No,Yes,No,No,Yes,Month-to-month,No,Mailed check
Female,0,No,Yes,31,61.42,8844.68,No,No,No,Yes,Yes,Month-to-month,No,Bank transfer
Female,0,No,Yes,26,24.46,1708.85,No,Yes,Yes,No,No,Two year,No,Credit card
Male,0,No,Yes,22,98.44,5359.78,No,No,No,Yes,Yes,Two year,No,Credit card
Female,1,Yes,No,21,87.87,898.32,DSL,No,No,No,Yes,One year,Yes,Electronic check
Female,0,Yes,Yes,1,67.28,6631.39,Fiber optic,Yes,Yes,Yes,Yes,Two year,Yes,Mailed check
Female,0,Yes,Yes,37,109.98,8953.31,Fiber optic,Yes,Yes,Yes,No,Two year,No,Electronic check
Male,0,Yes,No,46,53.62,7390.33,No,No,No,Yes,No,Month-to-month,Yes,Bank transfer
Male,0,Yes,No,9,49.43,5045.76,DSL,No,Yes,Yes,Yes,Month-to-month,Yes,Electronic check
Male,0,No,No,17,107.28,4414.2,No,No,No,Yes,Yes,One year,Yes,Electronic check
Male,0,Yes,Yes,47,99.7,7531.77,DSL,Yes,No,Yes,No,Month-to-month,No,Mailed check
Male,0,Yes,No,59,71.5,8430.17,DSL,No,Yes,Yes,No,One year,Yes,Bank transfer
Male,0,No,Yes,54,33.07,8903.94,Fiber optic,Yes,No,Yes,No,Two year,Yes,Bank transfer
Male,0,Yes,Yes,12,41.51,3629.2,Fiber optic,No,No,Yes,No,Two year,Yes,Mailed check
Male,0,Yes,No,64,85.62,8919.17,DSL,No,No,Yes,No,One year,Yes,Bank transfer
Female,0,Yes,No,6,58.5,1487.74,Fiber optic,Yes,No,No,No,Month-to-month,Yes,Credit card
Female,1,No,No,53,103.65,2356.59,DSL,Yes,Yes,Yes,Yes,Month-to-month,Yes,Mailed check
Male,0,Yes,No,16,115.0,892.24,DSL,No,Yes,Yes,Yes,Two year,Yes,Mailed check
Male,1,No,No,5,100.56,2518.47,DSL,Yes,No,Yes,Yes,Month-to-month,No,Mailed check
Female,0,No,Yes,46,57.75,6934.64,Fiber optic,Yes,No,No,No,One year,Yes,Credit card
Male,0,Yes,Yes,14,98.87,7691.03,No,No,No,No,Yes,Two year,Yes,Bank transfer
Male,0,Yes,Yes,44,55.14,7032.14,Fiber optic,Yes,No,Yes,Yes,Month-to-month,Yes,Credit card
Male,0,Yes,No,63,36.71,5716.49,No,Yes,No,Yes,Yes,Two year,No,Credit card
Female,0,Yes,Yes,52,23.34,4674.3,Fiber optic,No,Yes,No,Yes,Two year,Yes,Credit card
Female,0,No,No,26,58.57,6407.47,Fiber optic,No,Yes,Yes,Yes,Month-to-month,No,Electronic check
Female,0,Yes,No,53,110.36,3578.42,No,Yes,Yes,Yes,Yes,One year,Yes,Bank transfer
Female,0,No,Yes,29,43.9,7587.64,DSL,Yes,No,No,Yes,Month-to-month,No,Bank transfer
Female,0,No,Yes,19,40.65,6126.99,No,Yes,No,No,No,Month-to-month,No,Mailed check
Male,0,No,No,47,116.98,6310.46,DSL,No,No,Yes,Yes,Month-to-month,No,Mailed check
Female,1,No,Yes,8,22.5,4869.83,DSL,No,Yes,Yes,Yes,Month-to-month,Yes,Electronic check
Male,0,No,No,23,98.58,7978.54,Fiber optic,Yes,No,Yes,No,Month-to-month,No,Credit card
Male,0,Yes,Yes,35,52.14,2342.93,Fiber optic,Yes,Yes,No,Yes,Month-to-month,Yes,Mailed check
Female,0,No,Yes,53,23.75,3492.21,Fiber optic,Yes,No,Yes,No,One year,Yes,Bank transfer
Female,0,No,Yes,58,111.78,7021.02,Fiber optic,No,No,Yes,Yes,Two year,Yes,Mailed check
Male,0,Yes,Yes,5,33.96,4485.47,Fiber optic,No,No,No,No,One year,No,Credit card
Male,0,Yes,Yes,16,75.18,8014.0,No,Yes,No,Yes,Yes,Month-to-month,Yes,Electronic check
Male,0,No,No,17,47.41,3182.95,No,Yes,Yes,Yes,Yes,One year,No,Credit card
Female,0,No,Yes,32,26.52,3387.04,No,Yes,No,Yes,Yes,Two year,Yes,Mailed check
Female,0,Yes,Yes,52,24.99,8009.75,No,Yes,No,Yes,Yes,One year,Yes,Electronic check
Female,0,No,Yes,20,31.56,4232.9,Fiber optic,No,Yes,No,Yes,Month-to-month,Yes,Electronic check
Female,1,Yes,No,66,27.14,4693.51,No,Yes,Yes,No,No,Two year,Yes,Credit card
Female,0,Yes,No,1,96.06,3061.6,No,Yes,Yes,No,Yes,Month-to-month,Yes,Mailed check
Male,0,No,No,58,68.56,2562.36,DSL,No,No,Yes,No,Month-to-month,Yes,Credit card
Female,0,Yes,No,44,54.29,5937.94,Fiber optic,Yes,No,Yes,Yes,Two year,Yes,Mailed check
Male,0,No,No,6,61.84,1166.58,No,Yes,No,Yes,Yes,Two year,No,Mailed check
Male,1,No,Yes,50,112.89,7925.53,No,Yes,No,Yes,Yes,Month-to-month,Yes,Bank transfer
Male,0,No,Yes,72,111.08,7034.91,No,Yes,Yes,No,No,One year,Yes,Electronic check
Female,0,Yes,Yes,20,91.57,1797.66,Fiber optic,Yes,Yes,Yes,No,Two year,No,Mailed check
Female,1,No,No,14,108.47,6276.78,No,Yes,Yes,Yes,No,One year,No,Credit card
Female,0,Yes,No,5,51.96,5463.43,DSL,No,Yes,Yes,No,One year,No,Credit card
Male,0,No,Yes,41,58.11,1742.36,Fiber optic,Yes,Yes,No,No,Two year,Yes,Bank transfer
Male,0,No,No,40,81.37,2531.51,DSL,No,No,Yes,Yes,One year,No,Bank transfer
Male,0,No,No,5,63.95,989.44,No,Yes,No,No,No,One year,No,Bank transfer
Female,0,Yes,Yes,49,26.04,7942.58,No,No,No,Yes,Yes,One year,Yes,Mailed check
Male,0,No,Yes,37,94.91,2807.42,No,No,Yes,No,No,Two year,Yes,Bank transfer
Male,0,No,Yes,34,76.52,5924.1,DSL,Yes,Yes,Yes,No,One year,No,Credit card
Female,1,No,Yes,70,64.79,4438.77,Fiber optic,Yes,Yes,No,Yes,Month-to-month,No,Bank transfer
Male,0,Yes,No,18,50.93,3360.1,No,No,No,Yes,Yes,One year,No,Bank transfer
Female,0,No,No,19,70.24,5844.43,DSL,No,Yes,No,No,Two year,No,Credit card
Female,0,Yes,Yes,40,53.87,8532.95,No,Yes,Yes,Yes,No,Two year,No,Mailed check
Male,0,No,Yes,17,95.7,467.3,DSL,No,Yes,Yes,Yes,Two year,No,Mailed check
Male,0,Yes,No,60,74.39,8277.79,Fiber optic,Yes,Yes,No,Yes,Two year,Yes,Mailed check
Male,0,Yes,No,42,107.68,5520.83,Fiber optic,No,Yes,No,Yes,One year,Yes,Electronic check
Male,0,Yes,No,72,74.35,7285.1,Fiber optic,No,Yes,No,No,Two year,No,Credit card
Female,0,No,No,65,43.83,3516.49,Fiber optic,Yes,Yes,Yes,Yes,Two year,No,Bank transfer
Female,0,Yes,No,53,105.11,4299.4,No,No,Yes,No,Yes,Two year,No,Credit card
Male,0,Yes,Yes,7,75.72,7832.77,DSL,Yes,Yes,Yes,Yes,One year,Yes,Credit card
Female,0,Yes,Yes,5,40.68,3792.15,Fiber optic,No,No,No,Yes,Month-to-month,Yes,Credit card
Female,1,Yes,No,24,82.35,4858.47,No,Yes,Yes,Yes,No,Two year,Yes,Credit card
Female,0,No,No,28,55.77,279.73,Fiber optic,Yes,Yes,No,No,Two year,Yes,Credit card
Female,0,No,Yes,62,104.44,1511.52,Fiber optic,Yes,Yes,No,Yes,Two year,Yes,Credit card
Male,0,No,No,17,65.33,5811.01,Fiber optic,No,No,Yes,No,One year,No,Electronic check
Male,0,No,Yes,20,92.64,6481.09,DSL,Yes,No,No,Yes,One year,No,Credit card
Female,0,Yes,Yes,3,29.55,5285.15,DSL,Yes,Yes,No,No,Two year,Yes,Credit card
Male,0,No,Yes,37,59.6,1375.46,DSL,No,No,No,No,Month-to-month,No,Mailed check
Male,0,Yes,Yes,15,118.32,4064.11,Fiber optic,No,No,Yes,Yes,Two year,Yes,Credit card
Male,0,No,No,51,100.85,3260.34,No,Yes,Yes,Yes,Yes,Month-to-month,Yes,Credit card
Female,0,No,No,48,35.99,4511.39,No,Yes,No,No,Yes,Month-to-month,Yes,Mailed check
Female,0,No,Yes,8,47.78,7845.93,No,No,No,No,Yes,One year,No,Mailed check
Female,0,Yes,No,13,52.98,7005.17,Fiber optic,No,Yes,Yes,No,One year,No,Mailed check
Male,0,No,No,48,85.04,847.51,DSL,No,Yes,Yes,Yes,One year,No,Bank transfer
Female,0,No,No,3,95.7,8023.75,No,Yes,No,No,Yes,Month-to-month,No,Credit card
Female,0,No,No,65,94.95,4298.73,Fiber optic,No,Yes,Yes,Yes,Month-to-month,No,Credit card
Male,0,Yes,Yes,31,70.99,6720.37,Fiber optic,Yes,Yes,No,Yes,Month-to-month,Yes,Credit card
Female,0,No,No,26,101.08,1346.35,No,Yes,Yes,No,Yes,One year,Yes,Mailed check
Female,0,No,Yes,56,63.71,6069.4,No,Yes,No,Yes,Yes,One year,Yes,Electronic check
Male,0,Yes,Yes,34,32.39,2203.3,Fiber optic,No,Yes,Yes,No,One year,No,Credit card
Male,0,Yes,No,9,76.44,4001.59,No,No,No,Yes,Yes,Two year,No,Mailed check
Male,0,No,Yes,62,115.23,250.08,Fiber optic,No,No,Yes,No,Month-to-month,No,Mailed check
Female,1,No,No,13,99.3,1449.33,No,Yes,Yes,Yes,Yes,Month-to-month,Yes,Mailed check
Female,0,No,No,69,77.87,919.52,DSL,Yes,No,Yes,No,Two year,Yes,Bank transfer
Female,0,Yes,Yes,41,84.68,2233.72,Fiber optic,No,Yes,Yes,No,Month-to-month,Yes,Mailed check
Male,0,Yes,No,1,113.06,990.16,DSL,No,Yes,Yes,No,Month-to-month,No,Electronic check
Male,0,Yes,Yes,47,62.83,6258.0,No,Yes,Yes,No,Yes,Two year,No,Bank transfer
Female,0,No,Yes,4,53.14,358.46,Fiber optic,Yes,Yes,No,No,Month-to-month,Yes,Mailed check
Female,1,Yes,No,63,117.72,5597.89,No,Yes,Yes,Yes,Yes,One year,Yes,Electronic check
Male,1,No,No,52,106.34,1352.3,Fiber optic,Yes,No,No,No,Two year,Yes,Electronic check
Male,0,Yes,No,10,52.3,8511.94,No,No,No,No,Yes,Month-to-month,Yes,Credit card
Male,1,Yes,Yes,28,66.38,8404.54,DSL,Yes,Yes,No,Yes,One year,No,Mailed check
Male,1,Yes,No,6,61.51,2106.98,DSL,Yes,No,No,No,Month-to-month,Yes,Mailed check
Female,0,No,Yes,27,34.91,5568.35,No,No,No,No,Yes,Two year,No,Credit card
Male,0,No,Yes,12,115.78,349.25,DSL,No,No,Yes,No,One year,No,Electronic check
Female,0,No,No,62,60.43,8392.92,DSL,No,No,Yes,No,Month-to-month,No,Mailed check
Female,0,No,No,52,107.53,4754.59,No,No,Yes,Yes,Yes,Two year,No,Credit card
Female,0,Yes,No,48,38.94,484.69,Fiber optic,Yes,Yes,Yes,No,Month-to-month,No,Credit card
Male,0,No,Yes,67,74.79,3148.25,No,Yes,Yes,Yes,Yes,Month-to-month,Yes,Electronic check
Male,1,Yes,No,46,22.4,783.96,Fiber optic,Yes,No,Yes,No,One year,No,Electronic check
Male,0,No,Yes,15,96.42,3597.21,DSL,Yes,No,No,Yes,Month-to-month,Yes,Mailed check
Male,0,No,No,71,78.09,6062.34,DSL,Yes,Yes,Yes,Yes,Two year,Yes,Mailed check
Female,0,Yes,No,36,82.56,4282.02,DSL,No,Yes,No,Yes,Two year,No,Bank transfer
Male,1,Yes,Yes,14,25.17,3515.13,DSL,No,No,Yes,No,One year,Yes,Electronic check
Male,1,No,Yes,3,41.1,1160.5,DSL,Yes,Yes,No,Yes,One year,Yes,Bank transfer
Female,0,No,No,67,27.43,2279.96,Fiber optic,No,No,No,Yes,Month-to-month,Yes,Bank transfer
Male,0,Yes,No,19,48.89,991.28,Fiber optic,Yes,Yes,Yes,Yes,Two year,Yes,Credit card
Female,0,Yes,No,54,82.74,7286.74,Fiber optic,Yes,Yes,Yes,Yes,One year,No,Credit card
Female,0,Yes,No,69,76.62,1303.63,No,Yes,No,Yes,Yes,Month-to-month,Yes,Mailed check
Female,0,Yes,No,10,81.21,5398.82,DSL,Yes,Yes,Yes,Yes,Month-to-month,Yes,Electronic check
Female,0,Yes,Yes,33,74.93,3150.39,DSL,Yes,Yes,No,Yes,Two year,No,Electronic check
Female,0,No,Yes,13,47.3,2111.21,DSL,No,Yes,Yes,Yes,Two year,No,Bank transfer
Female,0,No,Yes,51,44.45,5791.27,No,No,Yes,Yes,Yes,Month-to-month,No,Bank transfer
Female,0,No,Yes,32,33.71,4167.32,No,Yes,Yes,No,No,Two year,No,Mailed check
Female,0,No,No,24,104.91,3661.29,No,Yes,Yes,No,Yes,Month-to-month,No,Credit card
Male,0,Yes,Yes,35,81.65,5376.38,DSL,No,No,Yes,Yes,Month-to-month,Yes,Electronic check
Male,0,Yes,Yes,70,38.65,4472.28,Fiber optic,Yes,No,Yes,Yes,Two year,No,Electronic check
Male,0,Yes,Yes,40,37.72,2801.01,No,Yes,No,No,No,One year,Yes,Electronic check
Male,0,No,No,54,107.3,5075.65,No,Yes,No,Yes,Yes,Month-to-month,No,Electronic check
Female,0,Yes,Yes,44,94.27,6058.54,Fiber optic,No,No,No,Yes,Two year,Yes,Credit card
Male,0,Yes,No,62,85.94,337.57,No,Yes,Yes,No,No,Month-to-month,Yes,Mailed check
Female,0,No,Yes,68,60.69,4246.26,Fiber optic,Yes,Yes,Yes,No,Month-to-month,No,Mailed check
Male,0,No,No,33,46.2,613.38,DSL,No,No,No,No,Month-to-month,Yes,Credit card
Male,0,No,Yes,56,117.95,1759.01,Fiber optic,Yes,Yes,Yes,Yes,Two year,No,Mailed check
Male,0,Yes,No,36,99.72,5088.53,Fiber optic,Yes,Yes,Yes,Yes,Two year,Yes,Mailed check
Female,1,Yes,Yes,54,50.18,7809.08,DSL,No,Yes,Yes,Yes,Two year,No,Bank transfer
Male,0,No,No,19,104.76,7956.97,No,No,Yes,No,Yes,One year,Yes,Credit card
Female,0,No,No,43,95.89,722.5,DSL,Yes,Yes,Yes,No,Month-to-month,Yes,Mailed check
Female,1,Yes,Yes,12,49.71,3830.04,No,No,No,Yes,No,One year,No,Bank transfer
Male,0,No,No,11,62.66,5288.76,No,Yes,No,No,Yes,Month-to-month,No,Credit card
Male,0,Yes,No,70,38.6,1408.92,Fiber optic,Yes,Yes,Yes,No,Two year,No,Credit card
Male,0,No,Yes,12,31.11,6912.35,DSL,No,No,Yes,Yes,Month-to-month,No,Electronic check
Female,0,No,Yes,41,92.28,6723.69,Fiber optic,Yes,No,Yes,Yes,Month-to-month,No,Bank transfer
Male,0,No,No,25,46.75,8139.74,DSL,No,No,No,Yes,Month-to-month,No,Bank transfer
Female,0,Yes,Yes,3,102.01,175.53,DSL,No,No,No,Yes,One year,No,Bank transfer
Female,1,Yes,Yes,3,119.56,2028.49,Fiber optic,No,Yes,Yes,No,Two year,No,Credit card
Male,1,No,Yes,28,27.66,7461.96,No,Yes,No,Yes,No,Two year,No,Electronic check
Male,0,Yes,No,23,67.3,6068.16,No,No,Yes,Yes,Yes,Month-to-month,No,Credit card
Female,0,No,No,48,100.21,8060.07,DSL,Yes,No,No,Yes,Two year,Yes,Mailed check
Female,0,No,No,67,98.9,608.9,No,No,No,Yes,No,One year,Yes,Mailed check
Female,1,Yes,No,42,96.0,5412.98,Fiber optic,No,Yes,Yes,No,One year,No,Mailed check
Male,1,Yes,No,40,54.9,5164.51,Fiber optic,Yes,Yes,Yes,Yes,Two year,No,Electronic check
Female,0,Yes,No,6,65.39,417.5,Fiber optic,Yes,No,No,No,One year,Yes,Credit card
Male,0,Yes,No,20,79.5,4670.35,DSL,No,No,No,No,One year,No,Bank transfer
Female,0,No,Yes,11,117.39,5524.73,DSL,Yes,Yes,No,No,Two year,Yes,Mailed check
Female,0,Yes,No,27,52.75,1802.51,No,Yes,No,No,Yes,Two year,Yes,Mailed check
Male,0,Yes,No,21,112.31,2532.63,Fiber optic,No,Yes,No,No,Month-to-month,Yes,Credit card
Female,0,No,Yes,13,46.94,5799.09,Fiber optic,No,Yes,Yes,No,Month-to-month,Yes,Bank transfer
Male,0,No,Yes,35,118.91,4267.88,DSL,Yes,Yes,Yes,No,One year,Yes,Electronic check
Male,0,No,Yes,47,87.03,7736.32,DSL,No,No,Yes,No,Two year,No,Mailed check
Female,0,No,No,28,66.35,3147.2,DSL,No,Yes,Yes,No,One year,Yes,Mailed check
Male,1,Yes,Yes,21,81.34,2473.27,Fiber optic,No,Yes,No,Yes,Two year,No,Mailed check
Male,0,Yes,No,18,47.25,8865.31,Fiber optic,Yes,No,No,No,One year,Yes,Bank transfer
Female,0,No,No,31,47.42,8209.11,No,Yes,Yes,Yes,No,One year,Yes,Mailed check
Male,0,No,No,60,31.36,358.04,Fiber optic,Yes,No,No,No,One year,Yes,Bank transfer
Male,0,Yes,Yes,37,31.41,6959.48,No,No,No,Yes,No,Month-to-month,No,Mailed check
Male,0,Yes,Yes,21,54.77,1081.98,No,Yes,Yes,No,Yes,Two year,Yes,Mailed check
Female,0,Yes,No,14,96.29,344.62,Fiber optic,No,No,Yes,Yes,One year,Yes,Bank transfer
Male,0,Yes,No,60,80.8,2535.89,No,No,No,Yes,Yes,Month-to-month,No,Bank transfer
Female,0,Yes,No,23,30.26,2497.18,No,No,No,Yes,No,One year,No,Electronic check
Female,0,No,Yes,29,105.22,7391.94,DSL,No,Yes,No,No,One year,Yes,Credit card
Male,0,No,No,47,80.14,6424.94,Fiber optic,Yes,Yes,Yes,Yes,Two year,Yes,Mailed check
Male,0,No,Yes,30,116.09,8836.32,No,No,Yes,Yes,Yes,One year,Yes,Mailed check
Male,0,No,No,38,87.02,6432.46,No,No,No,No,Yes,Two year,No,Credit card
Female,0,Yes,Yes,27,37.52,3822.47,No,Yes,Yes,Yes,Yes,Month-to-month,Yes,Credit card
Male,0,No,No,15,67.38,6320.46,Fiber optic,No,Yes,No,Yes,Month-to-month,No,Credit card
Male,0,Yes,Yes,59,84.85,8995.19,DSL,Yes,No,No,Yes,One year,Yes,Mailed check
Male,0,Yes,Yes,3,22.83,6420.26,DSL,Yes,Yes,No,No,Month-to-month,No,Mailed check
Male,0,Yes,Yes,10,21.49,6878.96,Fiber optic,Yes,No,Yes,No,Two year,No,Mailed check
Male,0,Yes,Yes,17,32.94,8451.45,Fiber optic,No,Yes,No,Yes,Two year,Yes,Bank transfer
